source,target,weight
MEX,IND,1578222.722
MEX,ARG,1000919.855
MEX,CRI,735261.3799999998
MEX,GBR,884943.5970000001
MEX,COL,3083601.856
MEX,USA,301470639.54600006
MEX,BRA,2786937.5
MEX,SLV,455216.223
MEX,FRA,1624231.465
MEX,GTM,1513377.1549999998
MEX,SGP,290908.783
MEX,NLD,1478093.404
MEX,ESP,2873096.6030000006
MEX,PAN,891174.2520000001
MEX,DOM,471460.6599999999
MEX,PER,1155964.994
MEX,THA,241216.60500000004
MEX,CHL,1267258.451
MEX,AUS,470274.219
MEX,NIC,736639.3679999997
MEX,CAN,8196358.167
MEX,JPN,2363148.503
MEX,ITA,895065.7419999999
MEX,BEL,461799.948
MEX,DEU,2936038.432
MEX,ECU,360983.3299999999
MEX,KOR,2524138.6850000005
MEX,CHN,4362210.733000001
MEX,HND,420552.2190000001
IND,MEX,2768061.268000001
IND,ARG,516552.99800000014
IND,GBR,8710124.657999998
IND,MUS,757255.2520000002
IND,DNK,675490.4569999996
IND,PAK,1962885.9099999992
IND,GRC,318152.7210000001
IND,KEN,3183355.541
IND,GHA,641831.3530000002
IND,COL,963477.035
IND,CHE,923980.213
IND,NZL,313808.4869999999
IND,BEN,407583.753
IND,CZE,447889.48900000006
IND,SAU,6970050.653
IND,MLT,329465.9639999999
IND,MMR,859531.448
IND,NOR,537720.482
IND,AFG,534247.6449999998
IND,CMR,212587.08700000003
IND,JOR,535012.2609999999
IND,USA,40160889.51100001
IND,IRL,508515.9489999999
IND,FIN,243810.71099999995
IND,HUN,345063.78
IND,UKR,251583.669
IND,BRA,3081904.703
IND,UGA,568403.868
IND,IRQ,1135171.6900000006
IND,AGO,271553.187
IND,BHR,549364.6029999999
IND,BTN,333332.3119999999
IND,TUR,4435413.298
IND,DZA,848061.7080000002
IND,YEM,456525.655
IND,NGA,2281951.3170000007
IND,AUT,329101.49700000003
IND,FRA,4771115.955
IND,COG,206383.352
IND,IDN,2866841.807000001
IND,KWT,1209825.3360000004
IND,SVN,237102.13299999983
IND,RUS,1611042.6320000002
IND,BGR,183248.739
IND,GTM,255340.249
IND,SWE,691447.2899999998
IND,SGP,6770799.311999998
IND,NPL,3193546.343
IND,NLD,4874890.266999999
IND,GIN,271192.84900000005
IND,QAT,968119.9499999996
IND,MWI,177624.649
IND,PRT,581734.662
IND,ESP,3148928.307
IND,ISR,2905499.82
IND,PAN,240370.128
IND,TGO,455103.39700000006
IND,MAR,328625.8230000002
IND,ZAF,3812502.186999999
IND,PER,754938.8809999998
IND,THA,3105156.1440000003
IND,CHL,665163.8519999997
IND,SEN,522098.6759999999
IND,ZWE,233884.056
IND,AUS,3252036.388
IND,LBN,244119.784
IND,MOZ,1476504.437
IND,ETH,762879.614
IND,BGD,5508356.977000002
IND,LKA,5499151.383000002
IND,IRN,3126080.798
IND,TUN,213749.983
IND,CAN,2078142.805
IND,JPN,4436071.939
IND,ITA,4220557.142999999
IND,POL,988789.745
IND,BEL,5003686.680000002
IND,DEU,6950722.707
IND,EGY,2355369.1
IND,MYS,4876851.552999999
IND,ECU,173321.221
IND,PHL,1303796.245
IND,ZMB,334514.226
IND,KOR,3581374.2450000006
IND,ARE,29970756.031000007
IND,OMN,2051624.226
IND,VNM,5356405.467000001
IND,CHN,9566141.217999998
IND,HND,170625.98700000002
IND,TZA,1670669.356
IND,CIV,385453.8089999998
ARG,MEX,820379.50853
ARG,IND,2003197.2202500005
ARG,GBR,721084.8875800003
ARG,DNK,281596.55052
ARG,PAK,397883.5659899998
ARG,COL,393977.85902
ARG,CHE,1256754.4424899998
ARG,SAU,421376.83771
ARG,JOR,213390.75956
ARG,USA,3434234.21106
ARG,IRL,232014.17710000003
ARG,BOL,621672.1173000004
ARG,BRA,10097997.64689
ARG,TUR,334796.1567400001
ARG,DZA,1147789.4285
ARG,FRA,364991.16947000014
ARG,IDN,1079242.12089
ARG,RUS,473000.14896
ARG,NLD,1213549.6053100002
ARG,URY,1232187.45548
ARG,ESP,1364040.9070200005
ARG,ISR,182738.69237
ARG,MAR,331552.12882000004
ARG,ZAF,677636.0380400002
ARG,PER,720389.2206300001
ARG,THA,397332.99103
ARG,CHL,2404403.9166900013
ARG,AUS,609430.98359
ARG,BGD,277303.39611000003
ARG,IRN,721084.49013
ARG,CAN,1292215.59542
ARG,JPN,572675.7296699999
ARG,ITA,957019.4713499992
ARG,POL,562248.1685900001
ARG,BEL,332213.82661
ARG,DEU,1344217.7064899998
ARG,EGY,1071882.2594700002
ARG,MYS,839377.46866
ARG,ECU,212380.88743000003
ARG,PHL,283507.98256
ARG,KOR,582428.89253
ARG,ARE,173720.237
ARG,VNM,1801377.7342200011
ARG,CHN,5172144.33286
ARG,PRY,1054579.9670200006
KAZ,IND,220079.559
KAZ,GBR,828820.2320000002
KAZ,UZB,940866.819
KAZ,GRC,1259945.528
KAZ,CHE,2659306.3690000004
KAZ,MLT,591728.893
KAZ,TJK,418447.3160000001
KAZ,AFG,372434.171
KAZ,USA,434394.4959999999
KAZ,FIN,287636.708
KAZ,UKR,1173658.764000001
KAZ,KGZ,517608.269
KAZ,TUR,1275573.279
KAZ,AUT,423542.81
KAZ,FRA,2681283.157
KAZ,RUS,4546707.208
KAZ,SWE,187799.568
KAZ,NLD,4980963.5540000005
KAZ,PRT,642136.093
KAZ,ESP,1219114.7710000002
KAZ,ISR,219085.538
KAZ,IRN,565791.943
KAZ,CAN,257322.67700000005
KAZ,JPN,858553.5829999999
KAZ,ITA,8136263.001
KAZ,POL,789188.424
KAZ,DEU,342607.0130000001
KAZ,KOR,769908.9440000001
KAZ,CHN,5480137.492999999
CRI,MEX,239525.425
CRI,GBR,177502.211
CRI,USA,3903662.153
CRI,SLV,285428.701
CRI,GTM,523862.15400000016
CRI,NLD,440009.481
CRI,PAN,558580.0349999997
CRI,DOM,265836.3709999999
CRI,NIC,522651.1830000001
CRI,ITA,170745.683
CRI,BEL,430357.3780000002
CRI,HND,332821.0439999998
GBR,MEX,1948021.646
GBR,IND,5918377.3639999945
GBR,ARG,437579.3710000001
GBR,KAZ,510666.2589999999
GBR,DNK,3423787.777000001
GBR,LVA,327230.99399999995
GBR,PAK,764925.1050000002
GBR,GRC,1328954.1080000002
GBR,KEN,542772.0399999999
GBR,GHA,473540.574
GBR,COL,547470.6439999999
GBR,CHE,33976190.25
GBR,NZL,848235.8159999999
GBR,BRN,627647.63
GBR,CZE,2979004.733000001
GBR,LTU,404230.4150000001
GBR,SAU,6684144.973999999
GBR,MLT,561888.6480000002
GBR,NOR,4772400.495999999
GBR,JOR,396281.90100000007
GBR,USA,68224647.67799999
GBR,IRL,25122759.946
GBR,FIN,2015879.155
GBR,HUN,1921552.209
GBR,UKR,423247.0280000001
GBR,BRA,3197976.9220000003
GBR,IRQ,419142.654
GBR,AGO,697761.5780000001
GBR,BHR,438389.8890000001
GBR,HRV,207283.94400000005
GBR,TUR,5337815.757999999
GBR,DZA,443153.648
GBR,AZE,1001158.1220000004
GBR,NGA,1601653.6
GBR,EST,329268.705
GBR,AUT,2426702.578
GBR,SVK,660190.948
GBR,FRA,26642394.245999992
GBR,COG,212583.675
GBR,IDN,682995.8529999999
GBR,KWT,875559.6799999999
GBR,SVN,297917.11300000007
GBR,RUS,3819750.776000001
GBR,BGR,508070.46700000006
GBR,SWE,6543333.816000003
GBR,SGP,5961547.983999997
GBR,NLD,25849852.261999995
GBR,QAT,3100885.128000001
GBR,URY,326738.4290000001
GBR,PRT,1877224.414
GBR,ESP,12896995.075
GBR,ISR,1569078.276
GBR,PAN,263396.81
GBR,TTO,210994.025
GBR,MAR,730059.1820000001
GBR,DOM,199694.42500000005
GBR,ZAF,3338802.6899999985
GBR,PER,279251.599
GBR,THA,1877639.44
GBR,CHL,680714.8689999998
GBR,AUS,5699079.196
GBR,LBN,585856.298
GBR,ISL,334642.772
GBR,MKD,809914.3880000005
GBR,ETH,273378.021
GBR,BGD,203728.1820000001
GBR,LKA,366330.741
GBR,CYP,559077.365
GBR,TUN,212663.85200000004
GBR,CAN,5819835.269999999
GBR,JPN,6516815.495000002
GBR,ITA,12747745.994
GBR,POL,5475959.833
GBR,BEL,17070802.251
GBR,DEU,46147395.096
GBR,EGY,1521391.711000001
GBR,MYS,2039793.1920000005
GBR,ECU,181518.41000000003
GBR,PHL,594580.3809999998
GBR,KOR,6937073.899999999
GBR,ARE,10386512.433999998
GBR,OMN,649423.975
GBR,VNM,572832.9509999999
GBR,CHN,27421379.476999994
GBR,TZA,182630.191
GBR,LUX,326542.161
GBR,CIV,187113.39600000004
MUS,GBR,325114.009
MUS,USA,263734.68200000003
MUS,FRA,294848.45200000005
MUS,ZAF,214302.70600000003
MUS,ARE,306766.98
DNK,MEX,443527.319
DNK,IND,298720.858
DNK,GBR,5441548.674000001
DNK,LVA,274393.426
DNK,GRC,346679.8709999999
DNK,CHE,786394.472
DNK,CZE,586336.5720000003
DNK,LTU,391131.5170000001
DNK,SAU,658645.2750000003
DNK,NOR,5854689.978000001
DNK,USA,5179947.954000001
DNK,IRL,668062.2569999998
DNK,FIN,2273693.8920000005
DNK,HUN,507215.135
DNK,BRA,492032.683
DNK,TUR,648618.4249999999
DNK,EST,238127.826
DNK,AUT,569088.743
DNK,SVK,239135.409
DNK,FRA,2682736.705000001
DNK,RUS,759667.712
DNK,SWE,10384289.381
DNK,SGP,429902.69
DNK,NLD,3659526.837
DNK,PRT,214286.463
DNK,ESP,1676181.619
DNK,ZAF,361595.601
DNK,THA,210882.623
DNK,AUS,800292.2870000001
DNK,ISL,424535.42400000006
DNK,CAN,455687.425
DNK,JPN,1381299.8409999998
DNK,ITA,2090043.258
DNK,POL,2535411.045000001
DNK,BEL,1238592.0650000004
DNK,DEU,15496555.373999998
DNK,EGY,250571.26100000003
DNK,MYS,181944.768
DNK,KOR,890359.3089999998
DNK,ARE,445628.1649999999
DNK,VNM,370895.10800000007
DNK,CHN,3234859.158
LVA,GBR,579145.9810261986
LVA,DNK,449533.000365872
LVA,CZE,186921.0316881024
LVA,LTU,2248013.8321134658
LVA,NOR,258191.26509172
LVA,FIN,200385.7959240448
LVA,TUR,196691.92948843355
LVA,EST,1232361.5148453007
LVA,FRA,195228.0708879295
LVA,RUS,925406.190634022
LVA,SWE,576270.0592455857
LVA,NLD,275840.04748357594
LVA,POL,659633.1320228097
LVA,DEU,680387.1154669794
PAK,IND,312283.7949999998
PAK,GBR,1572782.3709999998
PAK,KEN,278777.0389999999
PAK,SAU,431256.5139999999
PAK,AFG,1722199.6869999997
PAK,USA,3661579.347
PAK,TUR,235444.1179999999
PAK,FRA,360625.3159999998
PAK,SGP,209228.74200000003
PAK,NLD,666946.2319999997
PAK,ESP,782257.7529999997
PAK,ZAF,222821.325
PAK,AUS,175660.16399999996
PAK,BGD,700566.1079999998
PAK,LKA,259923.293
PAK,CAN,216445.172
PAK,JPN,182148.799
PAK,ITA,618146.9529999999
PAK,BEL,592164.5299999999
PAK,DEU,1142068.881
PAK,MYS,186213.186
PAK,KOR,294747.0019999999
PAK,ARE,898939.9990000001
PAK,OMN,170501.587
PAK,VNM,276626.319
PAK,CHN,1934908.812
GRC,GBR,1199472.4960000005
GRC,CZE,212755.009
GRC,SAU,817536.1379999999
GRC,MLT,245407.29500000007
GRC,USA,1325493.3639999994
GRC,UKR,219310.679
GRC,TUR,1896871.6170000003
GRC,DZA,217061.588
GRC,AUT,201766.158
GRC,FRA,714153.2700000004
GRC,SVN,173752.26400000008
GRC,RUS,236343.983
GRC,BGR,1415009.3530000004
GRC,SWE,191609.456
GRC,SGP,184570.06
GRC,NLD,553606.194
GRC,ESP,733588.9069999999
GRC,ISR,261523.332
GRC,LBN,849768.074
GRC,MKD,650658.2350000001
GRC,CYP,1569849.812
GRC,TUN,174322.476
GRC,ITA,3154627.7949999995
GRC,POL,389523.172
GRC,BEL,317827.0419999999
GRC,DEU,2005364.128
GRC,EGY,1156698.1920000005
GRC,KOR,330334.3499999999
GRC,ARE,297976.35
GRC,ALB,385977.855
GRC,CHN,235181.926
COL,MEX,913241.729
COL,IND,550458.2840000001
COL,CRI,246871.7699999998
COL,GBR,632641.4550000001
COL,CHE,419754.7029999999
COL,USA,10049587.965
COL,BRA,1189452.073
COL,TUR,748056.9110000001
COL,GTM,218111.26299999983
COL,SGP,367843.6180000001
COL,NLD,1489729.4559999998
COL,PRT,305072.988
COL,ESP,1580493.835
COL,ISR,292449.60799999995
COL,PAN,2393614.205
COL,TTO,191572.508
COL,DOM,259195.185
COL,PER,1147638.3160000013
COL,CHL,736414.829
COL,BHS,671848.6190000001
COL,CAN,416773.628
COL,JPN,519822.339
COL,ITA,490333.752
COL,BEL,481364.656
COL,DEU,495467.7759999999
COL,ECU,1432210.2789999992
COL,KOR,229287.855
COL,CHN,2263673.1079999995
BWA,IND,784023.7119999999
BWA,CHE,273260.33
BWA,NOR,258620.537
BWA,SGP,210057.502
BWA,ISR,380452.34
BWA,ZAF,977106.7050000004
BWA,NAM,744630.7519999997
BWA,CAN,397182.96500000014
BWA,BEL,1252837.926
BWA,ARE,338108.734
CHE,MEX,1468544.3570000003
CHE,IND,21442213.164
CHE,ARG,840899.687
CHE,GBR,13603157.129999995
CHE,DNK,883473.3590000003
CHE,PAK,305591.7929999999
CHE,GRC,825857.3530000002
CHE,COL,439563.8280000001
CHE,NZL,188055.947
CHE,CZE,1595960.1780000008
CHE,SAU,4973519.305000001
CHE,NOR,815681.5319999998
CHE,JOR,736775.4290000002
CHE,USA,30369659.864
CHE,IRL,1004838.0749999996
CHE,FIN,659600.0290000004
CHE,HUN,1111803.377
CHE,UKR,248920.0040000001
CHE,BRA,2086797.301999999
CHE,IRQ,445912.347
CHE,BHR,255386.34399999995
CHE,HRV,213882.94700000007
CHE,TUR,2480727.2549999985
CHE,DZA,373417.271
CHE,AZE,174031.35700000002
CHE,NGA,173331.20999999996
CHE,AUT,7815276.833999989
CHE,SVK,536705.436
CHE,FRA,17415165.599000007
CHE,IDN,550200.0739999999
CHE,KWT,467962.4890000001
CHE,SVN,427416.25
CHE,RUS,2362070.402
CHE,BGR,361182.5559999999
CHE,SWE,1502182.4569999997
CHE,SGP,7911001.672999999
CHE,NLD,4858735.884
CHE,QAT,987475.5919999998
CHE,URY,252736.144
CHE,PRT,815321.3549999999
CHE,ESP,5574877.246000001
CHE,ISR,1144475.0779999995
CHE,PAN,225820.51800000007
CHE,MAR,286661.62399999984
CHE,ZAF,678668.0280000002
CHE,THA,2814790.213999999
CHE,CHL,255316.1449999999
CHE,AUS,2513839.035999999
CHE,LBN,678066.4529999997
CHE,IRN,936817.5990000004
CHE,TUN,201054.6540000001
CHE,CAN,3629798.2760000033
CHE,JPN,6833506.578000001
CHE,ITA,15429375.897999998
CHE,POL,2135923.606000001
CHE,BEL,5828453.420000002
CHE,DEU,40835332.10700002
CHE,EGY,907199.405
CHE,MYS,1728470.3880000017
CHE,PHL,320708.22400000005
CHE,KOR,2955548.8200000003
CHE,ARE,5306347.839000002
CHE,OMN,217925.0139999999
CHE,VNM,484495.88100000017
CHE,CHN,20059264.703000005
CHE,BLR,197628.12100000007
CHE,LUX,249350.51299999992
NZL,MEX,256502.02409288293
NZL,IND,359315.3471311006
NZL,GBR,1166111.6403208612
NZL,SAU,428469.6113320003
NZL,USA,4036167.435921868
NZL,DZA,359427.45141147927
NZL,NGA,199723.7090197745
NZL,FRA,286939.76431120967
NZL,IDN,567503.509888895
NZL,SGP,750567.4999196589
NZL,NLD,567736.8967091617
NZL,THA,543413.419429676
NZL,AUS,5825772.587497285
NZL,CAN,469716.5159327296
NZL,JPN,2027640.734325592
NZL,ITA,279615.9966203435
NZL,DEU,477069.6888531184
NZL,EGY,340528.4679264696
NZL,MYS,657662.2778090505
NZL,PHL,451371.94085655786
NZL,KOR,979112.8360032636
NZL,ARE,584402.7799076252
NZL,VNM,364303.565598827
NZL,CHN,5882102.014678958
NZL,FJI,291226.9270835271
BRN,IND,574866.672
BRN,NZL,331898.794
BRN,SGP,220634.50999999995
BRN,THA,548516.199
BRN,AUS,221472.981
BRN,JPN,2308924.558
BRN,MYS,292649.22500000003
BRN,KOR,992867.544
CZE,MEX,660370.727
CZE,IND,529730.7310000001
CZE,KAZ,223993.727
CZE,GBR,8362083.544999999
CZE,DNK,1524915.0250000004
CZE,LVA,255208.207
CZE,GRC,307742.8209999999
CZE,CHE,2465085.006
CZE,LTU,469605.6149999999
CZE,SAU,577921.1340000001
CZE,NOR,694063.419
CZE,USA,3687821.356
CZE,IRL,618446.9459999999
CZE,FIN,834833.291
CZE,HUN,4677638.739000001
CZE,UKR,615892.2960000002
CZE,BRA,265148.16299999994
CZE,HRV,484692.107
CZE,TUR,1913996.432
CZE,DZA,221242.827
CZE,EST,248771.01299999995
CZE,AUT,6388206.996999998
CZE,SVK,14078014.212000009
CZE,FRA,8043167.280000002
CZE,SVN,655718.199
CZE,RUS,3199489.631000001
CZE,BGR,822198.7479999999
CZE,SWE,2406937.927
CZE,SGP,238359.952
CZE,NLD,4347318.734999999
CZE,PRT,532065.9409999999
CZE,ESP,4138896.694
CZE,ISR,698647.6240000001
CZE,MAR,210742.16300000003
CZE,ZAF,431700.784
CZE,AUS,608207.918
CZE,CAN,259792.694
CZE,JPN,854309.3989999999
CZE,ITA,5865676.843
CZE,POL,9222661.083
CZE,BEL,3603891.453
CZE,DEU,50549861.452000014
CZE,EGY,364142.887
CZE,MYS,186192.95900000003
CZE,KOR,504657.6609999999
CZE,ARE,802625.9460000002
CZE,CHN,1849509.931
CZE,BLR,253656.789
LTU,KAZ,429920.845
LTU,GBR,1111624.453
LTU,DNK,641170.3389999998
LTU,LVA,2365328.1820000005
LTU,CZE,259726.29000000007
LTU,SAU,242598.318
LTU,NOR,663381.762
LTU,USA,1104899.254
LTU,FIN,380814.6000000001
LTU,UKR,711966.7750000004
LTU,TUR,179439.99900000004
LTU,EST,1284034.671
LTU,FRA,665650.914
LTU,RUS,3479150.645
LTU,SWE,982290.2490000004
LTU,NLD,1007837.427
LTU,ESP,328146.11500000005
LTU,CAN,183004.5
LTU,ITA,518835.8649999999
LTU,POL,2416672.744000001
LTU,BEL,416738.58300000016
LTU,DEU,1942300.945
LTU,BLR,1171107.7980000004
SAU,IND,3203249.5274560326
SAU,GBR,633866.8697276547
SAU,PAK,971896.1512841797
SAU,KEN,274247.7674945753
SAU,JOR,1443095.8023802575
SAU,USA,1539789.9625899005
SAU,BRA,335120.0988713585
SAU,IRQ,467266.92032265256
SAU,BHR,1486605.4878238149
SAU,TUR,1728860.244489624
SAU,DZA,561535.6011749966
SAU,YEM,531851.7501322433
SAU,IDN,327704.9635216783
SAU,KWT,1562720.2706905578
SAU,SGP,2423291.611391982
SAU,NLD,408709.1938830821
SAU,QAT,1623066.5005174712
SAU,ESP,630688.5470576028
SAU,MAR,427997.5194462547
SAU,ZAF,422823.4561474417
SAU,THA,563893.4781090256
SAU,AUS,344862.9231023415
SAU,LBN,376183.2761993531
SAU,BGD,374197.9410947229
SAU,TUN,247226.1751769088
SAU,JPN,632041.4410168631
SAU,ITA,758517.1149473524
SAU,POL,314295.72921102186
SAU,BEL,1510929.526783531
SAU,DEU,243543.64521921924
SAU,EGY,1957922.7892969104
SAU,MYS,1353074.6873739895
SAU,KOR,912845.445096431
SAU,ARE,7016120.481391045
SAU,OMN,920200.6843165016
SAU,VNM,696745.3171087641
SAU,CHN,5726335.77145998
MLT,FRA,265868.94200000004
MLT,SGP,188563.444
MLT,DEU,370780.293
MLT,EGY,517544.9500000001
MMR,IND,937215.8995791044
MMR,SGP,312447.5796595581
MMR,THA,3234244.0326857003
MMR,JPN,396717.723541194
MMR,KOR,255782.86238963745
MMR,CHN,4387390.352490326
NOR,IND,184782.8853788562
NOR,ARG,205257.46879871687
NOR,GBR,20275395.52274796
NOR,DNK,3937083.494634628
NOR,CHE,351159.82498680305
NOR,CZE,179080.58256515907
NOR,LTU,463124.97014480166
NOR,USA,4276492.056673953
NOR,IRL,1470886.7557111096
NOR,FIN,1040736.9015157004
NOR,BRA,524397.4652722327
NOR,AGO,281070.9251479194
NOR,TUR,444497.6377539881
NOR,NGA,362985.3920056757
NOR,AUT,209006.28452366465
NOR,FRA,6753396.9971257895
NOR,COG,298114.83765294554
NOR,RUS,277136.20125760074
NOR,SWE,5723138.977502722
NOR,SGP,1349555.4316326752
NOR,NLD,11101062.62297693
NOR,PRT,558852.3147459476
NOR,ESP,1509491.7933623455
NOR,AUS,279619.90853188804
NOR,ISL,434919.3033141036
NOR,CAN,649287.1201273575
NOR,JPN,1215105.3547132993
NOR,ITA,864847.2577193482
NOR,POL,1848664.2810537328
NOR,BEL,4860522.420700513
NOR,DEU,18099014.17019557
NOR,MYS,444552.0898401311
NOR,KOR,1981373.0913888072
NOR,ARE,286661.210846352
NOR,VNM,196264.7477325813
NOR,CHN,2697285.5753021184
AFG,IND,178804.103
CMR,IND,632743.4759999999
CMR,FRA,208800.61700000003
CMR,NLD,659765.614
CMR,PRT,285940.25599999994
CMR,ESP,212199.17000000004
CMR,ITA,187598.766
CMR,BEL,194323.72500000003
CMR,CHN,506026.6649999999
JOR,IND,590536.062
JOR,SAU,1162545.5590000004
JOR,USA,1443016.6019999995
JOR,IRQ,749534.0380000002
JOR,KWT,306640.379
JOR,ARE,375357.8070000001
JOR,CHN,215505.022
BIH,HRV,524453.1299999999
BIH,TUR,199618.124
BIH,AUT,421152.8880000001
BIH,SVN,424865.246
BIH,ITA,689262.3830000001
BIH,DEU,800601.1109999997
USA,HTI,711582.7039999999
USA,MEX,225486556.222
USA,IND,20297381.717
USA,ARG,8623780.631000001
USA,KAZ,496804.392
USA,CRI,5526707.5200000005
USA,GBR,44465048.41199999
USA,DNK,1913637.9
USA,LVA,283256.479
USA,PAK,1768312.6779999998
USA,GRC,657606.421
USA,KEN,288468.59900000005
USA,GHA,911454.9329999996
USA,COL,15241381.237
USA,CHE,20861148.6
USA,NZL,2507182.454999999
USA,BEN,624761.6449999999
USA,CZE,1684058.4080000003
USA,LTU,441889.2059999999
USA,SAU,17133486.680000007
USA,MLT,390268.563
USA,NOR,2784133.4509999994
USA,AFG,384660.1920000001
USA,CMR,215534.131
USA,JOR,1135473.5539999998
USA,IRL,7567820.612000001
USA,FIN,1424063.1429999997
USA,BOL,759312.348
USA,GUY,311649.4
USA,HUN,1577603.9599999995
USA,UKR,834646.2690000002
USA,BRA,26454639.28
USA,GEO,324258.24100000004
USA,IRQ,1553462.3509999998
USA,SLV,2716002.102
USA,AGO,1110706.8430000003
USA,BHR,905941.721
USA,HRV,323308.4629999998
USA,JAM,1577342.267
USA,TUR,6886121.770999998
USA,DZA,1745456.4719999998
USA,AZE,292049.326
USA,ATG,577739.394
USA,NGA,3266731.076
USA,EST,229868.605
USA,AUT,3605911.697999997
USA,SVK,336947.0990000001
USA,FRA,21071043.486
USA,COG,224277.08899999995
USA,IDN,5388467.210999997
USA,KWT,2531163.496
USA,SVN,325407.292
USA,RUS,5144863.666999999
USA,PNG,177880.24200000003
USA,BGR,275401.993
USA,GTM,5263445.045000003
USA,SWE,3417043.316
USA,LCA,446849.0149999999
USA,SGP,21736379.015999995
USA,NLD,37522297.10599999
USA,QAT,2008167.9170000008
USA,URY,1230195.1389999995
USA,PRT,762931.1390000001
USA,ESP,9515348.968
USA,ISR,12644902.789
USA,PAN,7158590.129999998
USA,TTO,2222579.693
USA,TGO,309424.91200000007
USA,MAR,1340167.272
USA,DOM,6782616.961000003
USA,ZAF,4887361.815000003
USA,PER,8372861.695
USA,THA,9497298.267
USA,CHL,12014130.915999996
USA,SEN,187214.446
USA,BHS,2134566.8519999995
USA,AUS,22388067.31199999
USA,LBN,1234366.113
USA,MOZ,256204.67000000004
USA,GAB,198931.96
USA,ISL,275778.81700000004
USA,ETH,199667.749
USA,BGD,817709.0110000002
USA,LKA,349313.5669999998
USA,NIC,1108952.097
USA,IRN,281512.074
USA,TUN,574508.1830000002
USA,CAN,265197491.5390001
USA,JPN,54901318.27199997
USA,ITA,14661024.916
USA,POL,2886182.960000001
USA,BEL,33203399.729
USA,DEU,41557451.799000025
USA,EGY,4625861.176999999
USA,MYS,11094289.970000004
USA,ECU,5571608.944000001
USA,PHL,7507245.446000001
USA,KOR,38842148.22099999
USA,ARE,17462697.731999993
USA,OMN,1618698.5529999998
USA,VNM,6091789.204000002
USA,CHN,99676933.51199998
USA,SUR,408818.8
USA,HND,4769459.825000002
USA,PRY,1485470.9840000002
USA,LUX,692898.2430000002
USA,KHM,387447.459
USA,LBY,238992.359
USA,CIV,256761.96000000008
IRL,MEX,1547276.7093599206
IRL,IND,671390.33210883
IRL,GBR,14952150.413058292
IRL,DNK,665610.6234108004
IRL,GRC,320914.9959855601
IRL,CHE,6764257.408385768
IRL,CZE,449005.68208315
IRL,SAU,1108331.1614405497
IRL,NOR,332139.05878376
IRL,USA,29756862.2496263
IRL,FIN,332008.8914173501
IRL,HUN,352845.53021513
IRL,BRA,269426.8046888099
IRL,TUR,712436.40133356
IRL,NGA,340725.31247485004
IRL,AUT,463009.11836460006
IRL,FRA,5374622.326695051
IRL,RUS,408816.0341694601
IRL,SWE,1100783.97970665
IRL,SGP,673083.5287317599
IRL,NLD,5503915.654198502
IRL,PRT,449345.39308838994
IRL,ESP,4444731.11952647
IRL,ISR,965659.8272895898
IRL,ZAF,298691.16655883985
IRL,THA,243243.767708
IRL,AUS,1025204.8112133
IRL,CAN,986583.49658753
IRL,JPN,4315594.177727071
IRL,ITA,2812123.54026422
IRL,POL,1308339.25034705
IRL,BEL,16123565.30497705
IRL,DEU,8252440.404808162
IRL,EGY,338478.2651203901
IRL,MYS,266911.04933355
IRL,KOR,574334.6167315198
IRL,ARE,488246.7938609801
IRL,CHN,1836559.0324257
FIN,MEX,325411.8620000001
FIN,IND,458343.4240000001
FIN,GBR,2707529.3090000004
FIN,DNK,795101.1380000004
FIN,LVA,640163.0520000001
FIN,CHE,629251.6050000001
FIN,CZE,277339.56500000006
FIN,LTU,362225.672
FIN,SAU,404416.5390000001
FIN,NOR,1551442.452
FIN,USA,3819163.290000001
FIN,IRL,541918.027
FIN,HUN,221306.647
FIN,UKR,196860.911
FIN,BRA,457514.405
FIN,TUR,816721.9869999998
FIN,DZA,189728.72300000003
FIN,EST,1569058.8439999998
FIN,AUT,319347.90400000004
FIN,FRA,1535232.2649999994
FIN,IDN,370382.8499999999
FIN,RUS,3337374.781999997
FIN,SWE,5486652.579
FIN,SGP,183420.01100000003
FIN,NLD,3667708.8619999993
FIN,ESP,896930.3589999996
FIN,ISR,188115.985
FIN,ZAF,290074.93499999994
FIN,THA,179674.499
FIN,CHL,229938.63100000008
FIN,AUS,447082.2279999999
FIN,CAN,499450.33200000005
FIN,JPN,952163.0859999992
FIN,ITA,1261969.2339999997
FIN,POL,1352608.0300000005
FIN,BEL,1537701.1659999995
FIN,DEU,7732125.126000001
FIN,EGY,380220.34300000005
FIN,KOR,766796.6069999997
FIN,ARE,282104.727
FIN,CHN,2661161.8370000008
MDG,USA,234176.319
MDG,FRA,434523.09700000007
BOL,IND,197168.35293
BOL,ARG,1497105.53854
BOL,COL,547707.2671699998
BOL,USA,1102230.3368299997
BOL,BRA,2450673.66768
BOL,PER,323398.08631
BOL,JPN,407257.0572200001
BOL,BEL,283636.3487100001
BOL,KOR,376048.06858
BOL,CHN,468901.9246199999
GUY,USA,298910.2536487692
GUY,CAN,300663.28206305514
HUN,MEX,587476.123
HUN,IND,213069.79299999995
HUN,GBR,3832871.351
HUN,DNK,668985.5260000001
HUN,GRC,394712.8990000002
HUN,CHE,928039.3709999998
HUN,CZE,3793143.3709999993
HUN,LTU,221866.473
HUN,SAU,178984.91299999994
HUN,NOR,235258.44600000005
HUN,BIH,332026.7369999999
HUN,USA,3568308.4520000005
HUN,IRL,181570.48
HUN,FIN,319614.05999999994
HUN,UKR,1398514.3539999996
HUN,BRA,271715.42399999994
HUN,HRV,1436264.9089999998
HUN,TUR,2034192.717
HUN,EST,245449.328
HUN,AUT,4559999.311000002
HUN,SVK,4638915.032000001
HUN,FRA,4574453.327
HUN,SVN,951814.8290000004
HUN,RUS,1706409.2680000002
HUN,BGR,1008645.507
HUN,SWE,1211104.2830000003
HUN,SGP,193745.398
HUN,NLD,3271639.1129999985
HUN,PRT,328012.9749999999
HUN,ESP,3278031.9720000005
HUN,ISR,334007.499
HUN,MAR,198368.321
HUN,ZAF,249263.495
HUN,AUS,434774.722
HUN,MKD,173216.08600000004
HUN,CAN,268596.25900000014
HUN,JPN,826282.0539999998
HUN,ITA,4530826.087
HUN,POL,3681296.5609999993
HUN,BEL,1812160.2810000004
HUN,DEU,26911881.69799999
HUN,EGY,269254.8019999999
HUN,KOR,482442.908
HUN,ARE,211402.813
HUN,CHN,1795854.987
UKR,IND,1441986.7820000013
UKR,KAZ,712584.447
UKR,GBR,365165.854
UKR,UZB,174493.11700000003
UKR,CZE,540898.1819999999
UKR,LTU,235902.6049999999
UKR,SAU,761562.1630000003
UKR,USA,476337.69199999975
UKR,HUN,909720.9520000004
UKR,GEO,402715.31500000006
UKR,IRQ,472491.93400000007
UKR,TUR,2771626.289999998
UKR,DZA,205636.145
UKR,AZE,318716.73000000004
UKR,AUT,346510.05
UKR,SVK,468524.363
UKR,FRA,498331.17700000026
UKR,IDN,182954.232
UKR,RUS,4825654.075000001
UKR,BGR,418374.604
UKR,NLD,905654.9489999998
UKR,PRT,320541.12600000005
UKR,ESP,1043539.582
UKR,ISR,596933.3319999997
UKR,MAR,211502.118
UKR,THA,288295.384
UKR,MDA,523817.9940000002
UKR,LBN,300129.55600000004
UKR,BGD,206963.053
UKR,IRN,533569.893
UKR,TUN,333506.47500000003
UKR,JPN,235567.801
UKR,ITA,1977799.044000001
UKR,POL,1976539.8140000005
UKR,BEL,296848.824
UKR,DEU,1328293.9799999995
UKR,EGY,2079156.0829999992
UKR,KOR,395377.62
UKR,ARE,287137.0300000001
UKR,CHN,2391799.247
UKR,BLR,870084.409
UKR,LBY,182660.23900000003
BRA,MEX,3586333.6090000006
BRA,IND,3616749.679000001
BRA,ARG,12783707.326999998
BRA,CRI,267437.29500000004
BRA,GBR,2883187.577000001
BRA,DNK,321172.01100000006
BRA,PAK,297801.299
BRA,GHA,183145.1990000001
BRA,COL,2105916.394999999
BRA,CHE,1943708.598
BRA,SAU,2750290.419
BRA,NOR,677735.3729999999
BRA,JOR,242205.593
BRA,USA,24000477.811
BRA,IRL,383293.25099999993
BRA,FIN,269277.83900000004
BRA,BOL,1480958.1679999998
BRA,HUN,239085.849
BRA,GEO,194404.082
BRA,IRQ,306576.54899999994
BRA,AGO,646904.9290000004
BRA,BHR,309101.103
BRA,TUR,1326443.3909999996
BRA,DZA,993045.77
BRA,YEM,214541.617
BRA,NGA,687819.5349999999
BRA,FRA,2247115.999000002
BRA,IDN,2180559.378999999
BRA,KWT,239495.642
BRA,SVN,380786.85300000006
BRA,RUS,2462626.7329999995
BRA,GTM,224252.84600000005
BRA,SWE,503290.271
BRA,LCA,672825.717
BRA,SGP,2042962.593
BRA,NLD,10042406.724999998
BRA,QAT,356882.0509999999
BRA,URY,2726450.47
BRA,PRT,795934.1170000003
BRA,ESP,2937974.9919999987
BRA,ISR,380507.121
BRA,PAN,289607.26899999985
BRA,TTO,266574.033
BRA,MAR,490143.9520000001
BRA,DOM,517825.8460000001
BRA,ZAF,1347850.2979999995
BRA,PER,1813240.946
BRA,THA,1749186.285
BRA,CHL,3968869.301999999
BRA,BHS,588843.9959999999
BRA,AUS,399235.7249999998
BRA,LBN,286117.51600000006
BRA,ISL,292860.514
BRA,BGD,1147409.394
BRA,IRN,1666161.4730000002
BRA,TUN,302942.291
BRA,CAN,2343422.8469999987
BRA,JPN,4843021.223999998
BRA,ITA,3236601.2429999984
BRA,POL,494754.832
BRA,BEL,2989183.462
BRA,DEU,5153192.774000003
BRA,EGY,2056516.877
BRA,MYS,1829526.44
BRA,ECU,664793.0180000005
BRA,PHL,728121.1589999999
BRA,KOR,3121103.8230000013
BRA,ARE,2471309.9309999994
BRA,OMN,583895.3399999999
BRA,VNM,2124198.152
BRA,CHN,35584027.785
BRA,PRY,2472670.654000001
GEO,TUR,186738.16448
GEO,AZE,240764.951
GEO,BGR,214247.11229
GEO,ARM,180152.01177000004
UGA,KEN,412192.906
UGA,RWA,234862.0630000001
SLV,CRI,244547.95502
SLV,USA,2578578.02917
SLV,GTM,710774.1884399999
SLV,NIC,354209.55339
SLV,HND,759005.1293000004
AGO,IND,2676338.7646699995
AGO,GBR,1011026.9127700004
AGO,USA,1265581.7492900004
AGO,FRA,1599518.4168699998
AGO,IDN,566597.4457999999
AGO,SGP,456599.47193000006
AGO,NLD,1107104.7868599996
AGO,PRT,1199190.65839
AGO,ESP,2216751.87774
AGO,PAN,388983.1107000001
AGO,ZAF,1375951.40918
AGO,CAN,1035613.3439
AGO,ITA,1105756.8748299996
AGO,ARE,665245.04042
AGO,CHN,14320565.527020002
KGZ,KAZ,179489.20900000006
KGZ,CHE,562113.6150000001
BHR,SAU,9195472.96399968
BHR,USA,670926.4954213819
BHR,DZA,182672.43470553897
BHR,KWT,401844.1530389869
BHR,QAT,268482.4703582665
BHR,EGY,310965.6523108689
BHR,ARE,955379.1644815836
HRV,GBR,220156.1890000001
HRV,BIH,1248825.7589999998
HRV,USA,299191.1250000001
HRV,HUN,461906.59700000007
HRV,AUT,839768.812
HRV,SVK,196335.7440000001
HRV,FRA,299688.513
HRV,SVN,1575380.0619999997
HRV,RUS,216018.15300000005
HRV,NLD,259729.789
HRV,ESP,218461.059
HRV,ITA,1717372.2829999994
HRV,POL,196774.986
HRV,DEU,1447834.291000001
JAM,USA,464727.782
JAM,CAN,181825.033
TUR,MEX,341563.80399999995
TUR,IND,622933.5210000001
TUR,KAZ,747000.8720000002
TUR,GBR,10537445.424000002
TUR,DNK,898110.5950000001
TUR,UZB,487518.018
TUR,PAK,265146.123
TUR,GRC,1208329.9180000003
TUR,GHA,218620.336
TUR,COL,180607.76600000003
TUR,CHE,5680400.015
TUR,CZE,768622.7469999999
TUR,LTU,300109.97799999994
TUR,SAU,3421978.551
TUR,MLT,476697.0140000001
TUR,NOR,451141.61400000006
TUR,JOR,834258.535
TUR,BIH,291230.42900000006
TUR,USA,6222648.293999998
TUR,IRL,462378.2669999999
TUR,FIN,257125.4180000001
TUR,HUN,710797.4219999999
TUR,UKR,1119190.448
TUR,BRA,450070.61900000006
TUR,GEO,1107444.4989999994
TUR,IRQ,8548167.961000005
TUR,AGO,195817.999
TUR,KGZ,294439.87900000013
TUR,BHR,206025.0260000001
TUR,HRV,251502.319
TUR,DZA,1825171.72
TUR,AZE,1857620.5020000008
TUR,YEM,395764.4350000001
TUR,NGA,313878.71699999995
TUR,AUT,1019525.4970000002
TUR,SVK,545213.614
TUR,FRA,5846433.639999999
TUR,IDN,191743.98400000003
TUR,KWT,444396.1289999999
TUR,SVN,800154.8429999999
TUR,RUS,3556670.395999999
TUR,BGR,1652446.5159999996
TUR,SWE,1179185.5629999994
TUR,SGP,426672.751
TUR,NLD,3114860.5220000013
TUR,QAT,422190.708
TUR,PRT,536188.183
TUR,ESP,4677582.568999999
TUR,ISR,2691051.957
TUR,MAR,1328206.1869999997
TUR,ZAF,482871.018
TUR,PER,196180.022
TUR,CHL,184651.27099999992
TUR,MDA,200829.785
TUR,AUS,519878.1980000002
TUR,LBN,721094.7140000002
TUR,MKD,323218.40700000006
TUR,ETH,383235.0860000002
TUR,BGD,196690.46599999987
TUR,IRN,3622042.777
TUR,TKM,1849890.872000001
TUR,TUN,804556.3690000003
TUR,CAN,665403.6270000002
TUR,JPN,328478.578
TUR,ITA,6716010.052000003
TUR,POL,2315534.538
TUR,BEL,2519144.309000001
TUR,DEU,13403934.44
TUR,EGY,3094421.434000001
TUR,MYS,221028.934
TUR,KOR,543874.875
TUR,ARE,4603540.075999999
TUR,OMN,324717.0250000002
TUR,ALB,286959.0960000001
TUR,CHN,2130494.259
TUR,BLR,205066.07299999992
TUR,LBY,1418173.3279999995
DZA,IND,260067.05
DZA,GBR,2429917.068999999
DZA,GRC,171170.14200000002
DZA,MLT,272483.476
DZA,USA,2210645.39
DZA,BRA,1481833.454
DZA,TUR,1806689.174
DZA,FRA,4578427.200000001
DZA,IDN,272150.159
DZA,SGP,296599.448
DZA,NLD,1970204.017
DZA,PRT,911949.222
DZA,ESP,6164468.405
DZA,MAR,629897.467
DZA,TUN,846023.2329999999
DZA,CAN,643684.5690000001
DZA,JPN,595564.373
DZA,ITA,5263622.116
DZA,BEL,999490.193
DZA,EGY,495995.57000000007
DZA,KOR,780689.5199999999
DZA,CHN,557122.295
AZE,IND,270235.07759
AZE,CZE,549516.2533200001
AZE,AFG,208426.58704
AZE,USA,212695.86072
AZE,GEO,496196.79743
AZE,IRQ,187480.5342
AZE,HRV,199208.63945
AZE,TUR,1477255.00968
AZE,AUT,407346.5092999999
AZE,FRA,864100.5167399999
AZE,IDN,477818.85025
AZE,RUS,355175.7386299999
AZE,PRT,368874.4206
AZE,ESP,316057.3595100001
AZE,ISR,801533.4414999998
AZE,THA,259115.74865
AZE,TUN,291730.11019
AZE,CAN,223722.61859
AZE,ITA,2254321.53697
AZE,DEU,1223957.8021000002
EST,GBR,340384.391
EST,DNK,351149.599
EST,LVA,1148489.8360000004
EST,LTU,660348.7059999998
EST,NOR,534239.1319999995
EST,USA,676462.6180000001
EST,FIN,1771872.3490000004
EST,FRA,232265.237
EST,RUS,1344654.1379999996
EST,SWE,2320751.4150000005
EST,NLD,381942.488
EST,POL,279104.72400000016
EST,BEL,170655.819
EST,DEU,610568.632
EST,CHN,171242.179
AUT,MEX,744415.296136904
AUT,IND,684658.7014015772
AUT,KAZ,238052.8120580141
AUT,GBR,4304019.35092167
AUT,DNK,731395.9650582689
AUT,GRC,389474.49312847806
AUT,CHE,8216059.095317256
AUT,CZE,4970837.925969818
AUT,LTU,182072.8210366956
AUT,SAU,739930.0531695129
AUT,NOR,458758.09443904535
AUT,BIH,359197.51106938085
AUT,USA,9163276.731064536
AUT,IRL,244596.64081471524
AUT,FIN,527529.4769805348
AUT,HUN,4595146.370310073
AUT,UKR,340691.08390516805
AUT,BRA,652935.2443947019
AUT,HRV,1488309.0596903756
AUT,TUR,1318877.6723303832
AUT,DZA,262732.1462370228
AUT,SVK,2927708.0141224163
AUT,FRA,6155389.909617211
AUT,IDN,190455.3648185353
AUT,SVN,2835863.603878516
AUT,RUS,2099769.212498299
AUT,BGR,676321.9151557123
AUT,SWE,1502246.4228840028
AUT,SGP,395377.0766873383
AUT,NLD,2215961.641894897
AUT,QAT,172364.33089189263
AUT,PRT,309897.05599120696
AUT,ESP,2370789.204495443
AUT,ISR,332257.95550156705
AUT,ZAF,507856.8030521802
AUT,THA,242199.66234276423
AUT,AUS,815367.2343045911
AUT,IRN,267453.144783729
AUT,CAN,1092531.625350546
AUT,JPN,1292246.447144299
AUT,ITA,8565947.535971828
AUT,POL,4318930.549293205
AUT,BEL,1756360.953800277
AUT,DEU,41949659.27520113
AUT,EGY,243147.5693958968
AUT,MYS,524635.6190961732
AUT,KOR,795442.9122211877
AUT,ARE,839178.5921617248
AUT,VNM,175366.79044584517
AUT,CHN,3289975.535121712
SVK,MEX,285719.5625862555
SVK,GBR,3922695.800768501
SVK,DNK,639326.7091014493
SVK,LVA,177506.00377679255
SVK,GRC,187040.9804480644
SVK,CHE,1231927.7057562212
SVK,CZE,9173050.592258785
SVK,NOR,192849.57524948285
SVK,USA,1624219.8163983885
SVK,FIN,216898.4567304326
SVK,HUN,4578233.473232035
SVK,UKR,449851.1552321356
SVK,HRV,386615.9611042286
SVK,TUR,905093.3495523256
SVK,DZA,170642.34794613416
SVK,AUT,4512764.991167664
SVK,FRA,4026516.129440581
SVK,SVN,527960.3626357937
SVK,RUS,1620014.744431559
SVK,BGR,477450.5371901987
SVK,SWE,1131043.2779560268
SVK,NLD,1834235.489654721
SVK,PRT,230991.210730218
SVK,ESP,2076363.2914512176
SVK,ISR,288495.2066521048
SVK,AUS,303011.06758463226
SVK,CAN,183550.2348665689
SVK,ITA,3383192.2984252903
SVK,POL,6212625.194982722
SVK,BEL,1013050.4566641302
SVK,DEU,16752767.873693887
SVK,EGY,207618.0477133276
SVK,ARE,197871.9916360692
SVK,CHN,1130627.8946035833
FRA,MEX,3474389.5300000003
FRA,IND,3332732.543000001
FRA,ARG,1396335.806
FRA,KAZ,1037810.658
FRA,GBR,34300080.77600001
FRA,MUS,375245.50000000006
FRA,DNK,2701295.1
FRA,LVA,302009.4969999999
FRA,PAK,403980.625
FRA,GRC,2267429.654
FRA,KEN,205000.239
FRA,GHA,515185.219
FRA,COL,908348.027
FRA,CHE,14978773.314999998
FRA,NZL,765419.6770000003
FRA,BEN,280140.027
FRA,CZE,4034767.038000001
FRA,LTU,488224.008
FRA,SAU,3431026.064
FRA,MLT,394699.361
FRA,NOR,1608412.194
FRA,CMR,699450.6660000004
FRA,JOR,326354.86500000005
FRA,USA,35459589.039
FRA,IRL,2425428.500999999
FRA,FIN,2072235.966
FRA,MRT,195003.905
FRA,MDG,355722.2770000001
FRA,HUN,3878330.0810000007
FRA,UKR,638446.8829999999
FRA,BRA,5133028.868000001
FRA,MLI,359238.563
FRA,IRQ,460269.51199999993
FRA,AGO,667296.3989999999
FRA,HRV,386888.4880000002
FRA,TUR,7692518.672999999
FRA,DZA,6804123.313999999
FRA,AZE,193414.733
FRA,NGA,1420436.8539999998
FRA,EST,268151.327
FRA,AUT,3756193.318000001
FRA,SVK,2708131.948000001
FRA,COG,715071.2499999999
FRA,IDN,2402076.2460000003
FRA,KWT,1229214.835
FRA,SVN,774096.8360000001
FRA,RUS,4829365.323000002
FRA,BGR,821791.8800000001
FRA,SWE,5651748.120000001
FRA,SGP,5877142.231000002
FRA,NLD,18720894.152
FRA,QAT,2835428.8829999985
FRA,PRT,4592810.571999999
FRA,ESP,35245370.2
FRA,ISR,1430311.1290000004
FRA,PAN,400040.37499999977
FRA,TGO,630568.5200000003
FRA,MAR,4101243.836999999
FRA,ZAF,1946924.243
FRA,PER,267354.174
FRA,THA,1871258.993
FRA,CHL,705367.5819999996
FRA,SEN,827209.8450000002
FRA,AUS,2568790.1100000003
FRA,LBN,1091993.833
FRA,GAB,591322.0700000001
FRA,ETH,252019.476
FRA,BGD,312576.6350000001
FRA,LKA,968079.601
FRA,IRN,614571.323
FRA,NER,195865.0760000001
FRA,CYP,279060.24600000004
FRA,TUN,3947675.653000001
FRA,CAN,3484203.5210000006
FRA,JPN,6775039.154999998
FRA,ITA,34431358.32500001
FRA,POL,8240208.379999997
FRA,BEL,32885094.844
FRA,DEU,76951784.626
FRA,EGY,2281168.467
FRA,MYS,1545946.1789999998
FRA,PHL,889052.4119999999
FRA,KOR,5215799.546999998
FRA,ARE,4213978.813999999
FRA,OMN,508295.768
FRA,VNM,1542348.5940000005
FRA,CHN,19468224.337
FRA,BFA,282797.847
FRA,TZA,176223.27499999994
FRA,LUX,2158728.046
FRA,LBY,761745.9750000002
FRA,CIV,1209732.0730000003
COG,MLT,263058.338451554
COG,USA,236070.700272632
COG,AGO,892815.6625244934
COG,PRT,279044.27421773813
COG,ESP,913122.6047140632
COG,TGO,943943.2064664646
COG,BHS,212130.35802
COG,NAM,511586.2719556271
COG,GAB,420444.53336434806
COG,ITA,327037.54125091346
COG,CHN,1377007.205601257
IDN,MEX,823970.1680000002
IDN,IND,11730882.271999996
IDN,ARG,237061.571
IDN,GBR,1526457.2220000003
IDN,DNK,206966.7480000001
IDN,PAK,1989527.034
IDN,KEN,187650.639
IDN,CHE,1071550.012
IDN,NZL,436110.4579999999
IDN,SAU,2060460.399
IDN,MMR,615660.2440000001
IDN,USA,16262175.376000002
IDN,UKR,328425.128
IDN,BRA,1165980.6959999998
IDN,TUR,1158799.4540000008
IDN,DZA,173833.206
IDN,NGA,445712.275
IDN,FRA,1002896.659
IDN,KWT,173849.297
IDN,RUS,993468.52
IDN,PNG,204275.19600000005
IDN,SGP,12631419.415999994
IDN,NLD,3441878.133999999
IDN,ESP,1481142.3189999997
IDN,ZAF,666101.5540000001
IDN,PER,176531.146
IDN,THA,5507039.927999999
IDN,AUS,3700139.452000001
IDN,BGD,1340784.8039999995
IDN,LKA,341479.52400000003
IDN,IRN,216501.67500000005
IDN,CAN,721946.1449999999
IDN,JPN,18018780.251
IDN,ITA,1872786.329
IDN,POL,358868.02199999994
IDN,BEL,1113274.145
IDN,DEU,2663811.999
IDN,EGY,1197904.2959999996
IDN,MYS,7628836.776999999
IDN,PHL,3921510.029
IDN,KOR,7663279.717
IDN,ARE,1926277.2329999995
IDN,OMN,211726.78100000008
IDN,VNM,2740135.146
IDN,CHN,15045674.850999998
IDN,TZA,213952.385
IDN,KHM,429679.519
KWT,IND,746769.2233034823
KWT,SAU,801578.6982517871
KWT,IRQ,431788.7858620646
KWT,QAT,189625.87325987336
KWT,ARE,648382.0220568529
KWT,CHN,807272.9787901357
SVN,GBR,593078.4050000001
SVN,DNK,297984.70199999993
SVN,CHE,455890.6640000001
SVN,CZE,617132.3899999999
SVN,BIH,680975.5340000003
SVN,USA,546849.2180000002
SVN,HUN,769348.2010000001
SVN,HRV,2064409.8280000004
SVN,TUR,288059.8520000001
SVN,AUT,2203507.606
SVN,SVK,510856.915
SVN,FRA,1312761.8619999995
SVN,RUS,883645.445
SVN,BGR,191237.476
SVN,SWE,275490.2880000001
SVN,NLD,477015.509
SVN,ESP,430430.35100000014
SVN,MKD,180297.953
SVN,ITA,2982795.4589999984
SVN,POL,905658.1240000002
SVN,BEL,364622.992
SVN,DEU,5487055.3910000045
RUS,MEX,986946.049
RUS,IND,4549940.901999999
RUS,KAZ,10301492.077999998
RUS,GBR,4523691.788
RUS,DNK,1790721.459
RUS,UZB,2221187.873
RUS,LVA,6699113.180999999
RUS,GRC,2062312.419
RUS,COL,190795.7489999999
RUS,CHE,2542571.433
RUS,NZL,403158.06600000017
RUS,CZE,2217199.489999999
RUS,LTU,2304170.623
RUS,SAU,770697.913
RUS,MLT,2501418.081
RUS,TJK,759104.4049999999
RUS,NOR,751892.525
RUS,JOR,234815.134
RUS,BIH,177867.36899999998
RUS,USA,8393104.754000004
RUS,IRL,217478.96700000003
RUS,FIN,6487007.420000001
RUS,HUN,2317684.5470000003
RUS,UKR,7163121.742999996
RUS,BRA,1922922.6789999995
RUS,GEO,756179.5950000001
RUS,IRQ,447600.9589999999
RUS,KGZ,1289401.88
RUS,HRV,986431.477
RUS,TUR,11703271.066999998
RUS,DZA,1192403.636
RUS,AZE,1676164.8739999994
RUS,YEM,208119.10600000003
RUS,NGA,284920.641
RUS,EST,2012579.006
RUS,SVK,2608042.7580000004
RUS,FRA,3066522.882
RUS,IDN,439474.00999999983
RUS,KWT,303808.46100000007
RUS,BGR,1658424.4840000004
RUS,SWE,1972559.634
RUS,SGP,2491994.6640000003
RUS,NLD,40198496.42699999
RUS,PRT,294655.11999999994
RUS,ESP,2679579.1530000004
RUS,ISR,1537672.8809999998
RUS,TTO,248248.253
RUS,TGO,170561.477
RUS,MAR,547971.362
RUS,ZAF,274310.30700000003
RUS,PER,281622.38500000007
RUS,THA,521143.2040000001
RUS,MDA,308497.96500000026
RUS,LBN,630545.8600000001
RUS,BGD,455883.3510000002
RUS,IRN,1017213.537
RUS,TKM,843924.5009999999
RUS,CYP,241138.792
RUS,TUN,273268.924
RUS,CAN,452107.02700000006
RUS,JPN,14426352.102999996
RUS,ITA,16204284.047
RUS,POL,9513335.863
RUS,BEL,6348194.676000001
RUS,DEU,15906242.253000004
RUS,EGY,3252856.564
RUS,MYS,635426.0680000001
RUS,ECU,260885.29000000007
RUS,PHL,321290.208
RUS,KOR,13196117.468
RUS,ARE,976104.677
RUS,VNM,824443.57
RUS,CHN,28334954.57
RUS,ARM,510778.542
RUS,BLR,12428161.901000002
RUS,MNG,1117224.2749999994
RUS,LBY,183315.892
BGR,GBR,632524.8500000001
BGR,GRC,1572829.564
BGR,CZE,429119.8650000001
BGR,USA,419239.0119999998
BGR,HUN,378854.4909999999
BGR,UKR,207856.30400000003
BGR,GEO,178858.51299999998
BGR,TUR,2226159.711
BGR,AUT,442605.4810000001
BGR,SVK,186107.373
BGR,FRA,1054702.995
BGR,SVN,203963.887
BGR,RUS,438068.0389999998
BGR,SGP,378060.1370000001
BGR,NLD,588676.995
BGR,ESP,582625.329
BGR,MKD,428226.2809999999
BGR,ITA,2318870.0110000004
BGR,POL,578491.3560000001
BGR,BEL,940942.6669999998
BGR,DEU,3133970.2969999984
BGR,EGY,420426.7320000001
BGR,ARE,243563.458
BGR,CHN,610507.434
GTM,MEX,429805.8769999999
GTM,CRI,417674.8390000001
GTM,USA,3735342.821999999
GTM,SLV,1239767.5150000008
GTM,NLD,285288.98800000007
GTM,PAN,261533.693
GTM,NIC,554815.8810000002
GTM,CAN,232161.948
GTM,JPN,185442.961
GTM,CHN,207185.396
GTM,HND,903372.6279999998
SWE,MEX,654236.8579999997
SWE,IND,1232166.4940000009
SWE,ARG,237464.04700000005
SWE,GBR,9650746.999999998
SWE,DNK,9156633.896999998
SWE,LVA,400048.63999999984
SWE,PAK,230861.16799999995
SWE,GRC,308540.18399999995
SWE,CHE,1605543.353
SWE,CZE,1007411.06
SWE,LTU,844129.3469999998
SWE,SAU,1226124.3419999997
SWE,NOR,14108151.635999998
SWE,USA,10153761.056999994
SWE,IRL,689778.3280000001
SWE,FIN,8912779.903000005
SWE,HUN,624426.9339999997
SWE,UKR,252739.251
SWE,BRA,843032.9379999998
SWE,IRQ,243237.42299999992
SWE,TUR,1505481.1510000003
SWE,DZA,476020.424
SWE,NGA,248198.07100000005
SWE,EST,997103.112
SWE,AUT,1181120.2080000008
SWE,SVK,289722.2739999999
SWE,FRA,5607770.097999997
SWE,IDN,339600.9539999997
SWE,RUS,1701825.540000001
SWE,SGP,731784.4789999999
SWE,NLD,7045922.684
SWE,QAT,205488.408
SWE,PRT,704269.6379999998
SWE,ESP,2651960.7379999994
SWE,ISR,266638.061
SWE,MAR,322759.29900000006
SWE,ZAF,814824.8840000001
SWE,THA,637360.0989999999
SWE,CHL,305677.153
SWE,AUS,1356883.8530000006
SWE,ISL,275897.72500000003
SWE,IRN,300416.325
SWE,CAN,1048361.2439999992
SWE,JPN,1772528.8310000005
SWE,ITA,3553872.3759999983
SWE,POL,4150869.9469999983
SWE,BEL,5861837.111999998
SWE,DEU,13581256.223000009
SWE,EGY,717253.9240000002
SWE,MYS,320759.19999999995
SWE,KOR,1126567.6270000013
SWE,ARE,780271.4690000002
SWE,OMN,207574.75400000004
SWE,CHN,5320733.8220000025
SGP,MEX,1423569.3464762056
SGP,IND,10639880.550002376
SGP,GBR,2875275.077235573
SGP,PAK,1062379.941975554
SGP,CHE,1606465.873692861
SGP,NZL,1717996.3052140549
SGP,BRN,753009.3998866094
SGP,CZE,464175.9625919135
SGP,SAU,962827.6662773988
SGP,MMR,2435621.71104332
SGP,USA,22998952.559255585
SGP,IRL,430317.88710851554
SGP,HUN,258723.7356907447
SGP,BRA,1138440.6124623788
SGP,AGO,416690.0395627784
SGP,TUR,417932.0366556044
SGP,AZE,199218.128867854
SGP,NGA,206831.19642906217
SGP,FRA,3321624.305421548
SGP,IDN,29101925.033774324
SGP,RUS,428344.8929286137
SGP,PNG,581485.9027870524
SGP,MDV,221565.2993335469
SGP,NLD,6077987.649825599
SGP,QAT,178673.5044978336
SGP,ESP,417122.3853299834
SGP,ISR,478877.0374410334
SGP,PAN,1496842.180097271
SGP,TTO,269372.13401400053
SGP,TGO,416973.69612659205
SGP,ZAF,1154671.5599945348
SGP,THA,13836454.577464856
SGP,AUS,11358466.19444948
SGP,BGD,2345433.3879444688
SGP,LKA,1376858.5350875463
SGP,CAN,743171.9272576518
SGP,JPN,14793304.037629316
SGP,ITA,475205.5769149924
SGP,POL,201456.43044932265
SGP,BEL,5074337.1906699
SGP,DEU,5325384.149826907
SGP,EGY,315138.67896929506
SGP,MYS,38111784.24815765
SGP,PHL,6287988.0585073
SGP,KOR,14090471.287250975
SGP,ARE,5277435.585844637
SGP,OMN,205283.1026756636
SGP,VNM,11954249.52690598
SGP,CHN,50839993.64607912
SGP,KHM,3600346.8754300075
SGP,FJI,178398.8813229545
NPL,IND,418995.15
NLD,MEX,2502538.089935032
NLD,IND,1952924.0106663497
NLD,ARG,651139.2717049764
NLD,KAZ,401654.23385102826
NLD,GBR,38768295.01306446
NLD,DNK,6240222.61151866
NLD,LVA,506510.0337354216
NLD,PAK,376878.982640655
NLD,GRC,2177756.471490768
NLD,KEN,308371.68916399335
NLD,GHA,877778.4177865813
NLD,COL,524415.6350749579
NLD,CHE,5864802.999778753
NLD,NZL,326640.2610516445
NLD,CZE,7170998.870745464
NLD,LTU,805978.1123512905
NLD,SAU,2613725.236653816
NLD,MLT,343201.96311326994
NLD,NOR,4028527.427190057
NLD,JOR,360307.3684661774
NLD,USA,19422567.453204747
NLD,IRL,3488032.781223459
NLD,FIN,4677703.659124565
NLD,HUN,3253580.010965316
NLD,UKR,660489.1802084692
NLD,BRA,2674985.065388104
NLD,IRQ,314083.25887689507
NLD,AGO,248878.98929158223
NLD,HRV,574382.4628721608
NLD,TUR,5598197.894142456
NLD,DZA,1163662.0316938497
NLD,AZE,194614.17863628868
NLD,YEM,245169.3225509338
NLD,NGA,3212893.049179622
NLD,EST,776207.1163352199
NLD,AUT,5281045.268611176
NLD,SVK,1430985.8159764528
NLD,FRA,34631714.21180677
NLD,IDN,733070.5716712908
NLD,KWT,632705.495718228
NLD,SVN,671746.350249524
NLD,RUS,4502146.333197695
NLD,BGR,944734.2332433292
NLD,SWE,8369048.150306663
NLD,SGP,4306355.326014116
NLD,GIN,327427.70005919423
NLD,QAT,451021.4281760231
NLD,PRT,2578989.936872121
NLD,ESP,12924950.14628832
NLD,ISR,1481613.9936517829
NLD,TGO,1056915.4771506658
NLD,MAR,921011.0557097192
NLD,ZAF,2139247.9807137954
NLD,PER,276683.1801099577
NLD,THA,1125087.353689998
NLD,CHL,506998.6708421874
NLD,SEN,368404.7893991781
NLD,AUS,2234791.541894506
NLD,LBN,324704.20591871865
NLD,GNQ,303951.45247761474
NLD,ISL,486690.6282205571
NLD,BGD,195142.5717781002
NLD,IRN,494672.1505235072
NLD,CYP,358390.0184673297
NLD,TUN,285154.9133462531
NLD,CAN,2913648.588140257
NLD,JPN,3361355.2170078848
NLD,ITA,16924909.558814906
NLD,POL,10776157.537346192
NLD,BEL,46931517.21276955
NLD,DEU,97680732.83387087
NLD,EGY,1464799.4833570344
NLD,MYS,1198247.70260312
NLD,ECU,176708.13808933517
NLD,PHL,452564.0621556675
NLD,KOR,4481941.650721636
NLD,ARE,3024414.523854624
NLD,OMN,370289.21880569175
NLD,VNM,858617.612667045
NLD,CHN,9132635.45337001
NLD,SUR,221375.76313778828
NLD,BLR,218208.984492836
NLD,LUX,1148026.894243905
NLD,LBY,215799.9994638658
NLD,CIV,233486.1545882508
GIN,IND,257567.67500000005
GIN,GHA,346280.956
QAT,MEX,235033.925
QAT,IND,8473872.722999997
QAT,GBR,3460679.928
QAT,PAK,190290.171
QAT,NZL,335788.5460000001
QAT,SAU,587366.7130000001
QAT,JOR,279155.445
QAT,USA,265507.60900000005
QAT,BRA,445550.811
QAT,BHR,201856.1670000001
QAT,TUR,545486.4539999999
QAT,FRA,638959.2590000001
QAT,IDN,499105.13500000007
QAT,KWT,411159.464
QAT,SGP,2958981.51
QAT,NLD,534447.739
QAT,ESP,714900.061
QAT,ZAF,228052.679
QAT,THA,2461944.482
QAT,JPN,16041424.275999997
QAT,ITA,1425266.88
QAT,BEL,977097.768
QAT,EGY,657904.2120000002
QAT,MYS,380199.473
QAT,PHL,404587.9369999999
QAT,KOR,13191774.097
QAT,ARE,3674452.028
QAT,CHN,4640561.151000001
URY,MEX,215880.8940000001
URY,ARG,380340.2180000001
URY,USA,527166.931
URY,BRA,1134191.556
URY,NLD,187406.21
URY,DEU,260190.1
URY,CHN,1067855.8569999998
PRT,MEX,220194.30317127644
PRT,GBR,3721795.074659498
PRT,DNK,339043.5109240527
PRT,CHE,508947.345010739
PRT,CZE,348176.7018914853
PRT,NOR,229678.0245189705
PRT,USA,2846860.892295125
PRT,IRL,263518.0330747821
PRT,FIN,245918.3848640936
PRT,HUN,215310.7673621048
PRT,BRA,630812.7459293805
PRT,AGO,2328017.606486103
PRT,TUR,402577.8687917345
PRT,DZA,627154.6656871132
PRT,AUT,313826.095444809
PRT,SVK,184884.8831862033
PRT,FRA,6689051.227780532
PRT,RUS,174810.37880335836
PRT,SWE,454965.7429767894
PRT,NLD,2205182.9689252027
PRT,ESP,13652191.302673033
PRT,MAR,753192.2838029886
PRT,MOZ,393812.2502788258
PRT,CAN,397351.5528310498
PRT,ITA,1758799.1336512826
PRT,POL,582951.0818596212
PRT,BEL,1256485.16151408
PRT,DEU,6523687.327525593
PRT,ARE,188716.06591882225
PRT,CHN,930208.7295072712
ESP,MEX,4721329.151999998
ESP,IND,1367635.6460000004
ESP,ARG,1418843.7860000003
ESP,CRI,200998.84800000003
ESP,GBR,20147930.974
ESP,DNK,1616550.6899999997
ESP,LVA,223724.758
ESP,PAK,246802.6439999999
ESP,GRC,2197422.4989999994
ESP,GHA,229488.294
ESP,COL,946513.5599999996
ESP,CHE,4326151.102999999
ESP,NZL,263498.481
ESP,CZE,2256317.238000001
ESP,LTU,415989.0240000001
ESP,SAU,3408306.7450000006
ESP,MLT,369321.2580000001
ESP,NOR,1043218.8120000002
ESP,JOR,325701.4549999999
ESP,USA,12540488.279
ESP,IRL,1596188.2949999997
ESP,FIN,1014542.589
ESP,HUN,1518041.715000001
ESP,UKR,256956.26799999992
ESP,BRA,2907373.473
ESP,AGO,228076.79800000004
ESP,HRV,384910.57600000006
ESP,TUR,5559443.151999999
ESP,DZA,3613585.25
ESP,NGA,293200.82700000005
ESP,EST,239431.492
ESP,AUT,2238736.741
ESP,SVK,870037.3230000001
ESP,FRA,42892979.88100002
ESP,IDN,512708.51
ESP,KWT,412247.516
ESP,SVN,528708.458
ESP,RUS,1864145.8130000008
ESP,BGR,1395796.594
ESP,GTM,216166.591
ESP,SWE,2466750.5250000004
ESP,SGP,586495.8539999999
ESP,NLD,8796312.245999997
ESP,QAT,304040.22400000005
ESP,URY,323726.97300000006
ESP,PRT,19874829.005
ESP,ISR,1472604.733
ESP,PAN,413525.242
ESP,MAR,6747551.872999995
ESP,DOM,506248.4389999999
ESP,ZAF,1373282.5120000003
ESP,PER,634476.7050000003
ESP,THA,440305.505
ESP,CHL,1492285.6960000002
ESP,SEN,301197.2080000001
ESP,AUS,1778456.0830000006
ESP,LBN,581043.4709999999
ESP,GNQ,287706.033
ESP,IRN,257886.373
ESP,CYP,297516.2109999999
ESP,TUN,798702.6190000001
ESP,CAN,1502895.2859999994
ESP,JPN,2741785.9029999995
ESP,ITA,20665576.092
ESP,POL,5315200.215000001
ESP,BEL,6710476.283000001
ESP,DEU,30021318.997000013
ESP,EGY,1504448.4459999993
ESP,MYS,821141.5200000004
ESP,ECU,393630.41299999977
ESP,PHL,449344.9100000001
ESP,KOR,2028253.491
ESP,ARE,2012752.795
ESP,OMN,468665.292
ESP,VNM,405929.1790000001
ESP,CHN,4922142.928000002
ESP,LUX,320124.01599999995
ESP,LBY,596821.5369999999
ESP,CIV,232838.34100000007
ISR,MEX,434204.0
ISR,IND,2252948.0
ISR,GBR,3990618.0
ISR,GRC,394662.0
ISR,CHE,1495177.0
ISR,USA,18123828.0
ISR,BRA,737459.0
ISR,TUR,1701205.0
ISR,FRA,1689972.0
ISR,SVN,262843.0
ISR,RUS,681867.0
ISR,SGP,575090.0
ISR,NLD,2148323.0
ISR,ESP,786657.0
ISR,ZAF,277283.0
ISR,THA,430096.0
ISR,AUS,530894.0
ISR,CYP,418332.0
ISR,CAN,556276.0
ISR,JPN,768486.0
ISR,ITA,848502.0
ISR,POL,231591.0
ISR,BEL,2487036.0
ISR,DEU,1439373.0
ISR,MYS,1419464.0
ISR,KOR,575043.0
ISR,VNM,1789229.0
ISR,CHN,3251414.0
PAN,CRI,639008.1030000002
PAN,COL,1481461.0369999998
PAN,USA,2474465.3920000023
PAN,SLV,300982.83300000016
PAN,GTM,481457.3479999998
PAN,TTO,207808.27300000007
PAN,DOM,546465.9579999998
PAN,PER,197532.7340000001
PAN,CHL,251367.86299999992
PAN,NIC,331894.894
PAN,ECU,408741.811
PAN,HND,378967.16
TTO,ARG,726145.239
TTO,GBR,203140.5
TTO,COL,437386.1919999999
TTO,NOR,198688.586
TTO,USA,4485345.707999999
TTO,GUY,217528.3380000001
TTO,BRA,251643.19500000004
TTO,JAM,312737.2819999999
TTO,FRA,241596.35200000004
TTO,ESP,318699.43
TTO,PER,419030.511
TTO,CHL,385476.038
MAR,IND,876655.0983915349
MAR,GBR,616202.3957896469
MAR,PAK,271961.27110946795
MAR,USA,787912.683117557
MAR,BRA,664933.1941751336
MAR,TUR,682133.2615658117
MAR,DZA,196880.92101669344
MAR,AUT,174114.57908821988
MAR,FRA,4589624.879505103
MAR,RUS,177725.67674536677
MAR,SGP,244551.92677609413
MAR,NLD,684170.8729049178
MAR,PRT,287789.501734464
MAR,ESP,5028504.417554536
MAR,ETH,182043.9232434533
MAR,CAN,205997.6437970865
MAR,ITA,975675.3684461756
MAR,BEL,372016.6891833756
MAR,DEU,570757.4183556614
MAR,EGY,253622.09169931925
MAR,CHN,243326.2467914685
MAR,CIV,200195.14527841
DOM,HTI,1012159.2529999994
DOM,IND,565860.7940000001
DOM,USA,4495464.598000002
DOM,NLD,185030.839
DOM,CAN,700688.5190000003
ZAF,IND,3189442.3313039383
ZAF,GBR,3282217.866617192
ZAF,MUS,296422.6714761504
ZAF,PAK,332616.55015312106
ZAF,KEN,651478.5410180382
ZAF,GHA,344064.058203576
ZAF,BWA,4126064.885170418
ZAF,CHE,1252422.2071671858
ZAF,SAU,430194.377025019
ZAF,USA,6166916.8238776345
ZAF,BRA,615580.3090384011
ZAF,AGO,675086.6905313774
ZAF,TUR,536065.1542677258
ZAF,NGA,648712.3258415681
ZAF,FRA,747231.4350110932
ZAF,IDN,221776.70391759463
ZAF,RUS,291389.16969886405
ZAF,SGP,539602.1341800293
ZAF,NLD,1985499.5667713543
ZAF,MWI,369600.4458225417
ZAF,ESP,895347.038840652
ZAF,ISR,455450.7019951348
ZAF,MAR,259387.095879654
ZAF,THA,433069.2012348352
ZAF,SWZ,1254572.7414053448
ZAF,ZWE,2011816.9533081632
ZAF,AUS,848933.1292372515
ZAF,MOZ,2320744.7204152355
ZAF,NAM,4149512.294870693
ZAF,LSO,1177427.4877208096
ZAF,CAN,402716.1801329167
ZAF,JPN,3994919.845059041
ZAF,ITA,1085510.246379198
ZAF,BEL,2307361.390172615
ZAF,DEU,5009876.231510789
ZAF,MYS,456453.909877522
ZAF,ZMB,2300172.716568697
ZAF,KOR,1087612.370000727
ZAF,ARE,1108161.9635785553
ZAF,VNM,184220.37921650984
ZAF,CHN,7420248.497026918
ZAF,TZA,525250.9162249827
PER,MEX,547009.22022
PER,IND,676794.3068400001
PER,GBR,604072.9281000001
PER,COL,878591.7232599993
PER,CHE,2677079.5989099992
PER,USA,5078729.999950002
PER,BOL,593554.1261999999
PER,BRA,1072571.99708
PER,FRA,282790.7487999999
PER,NLD,876756.20805
PER,ESP,1091987.3260600003
PER,PAN,445495.7776
PER,CHL,1076603.89145
PER,CAN,2408744.74338
PER,JPN,1117359.76206
PER,ITA,561365.46164
PER,BEL,463639.4057900001
PER,DEU,926783.01027
PER,ECU,710306.9840900002
PER,KOR,1087215.2693299996
PER,CHN,7391350.146510002
THA,MEX,2687302.15149
THA,IND,5294166.40967
THA,ARG,673937.8924000001
THA,GBR,3817440.9603200015
THA,DNK,444420.27861
THA,PAK,913304.7779899996
THA,GHA,188765.58157
THA,COL,226285.23523
THA,CHE,2556804.60978
THA,NZL,1318277.41498
THA,BEN,312414.75383000006
THA,CZE,751243.0056500002
THA,SAU,2944862.21409
THA,MMR,4171791.4973
THA,NOR,189539.07859
THA,CMR,176474.55028
THA,JOR,216575.46913
THA,USA,24092851.710610013
THA,IRL,497684.8389300001
THA,FIN,222797.68191
THA,HUN,455545.4657
THA,BRA,1532421.212609999
THA,IRQ,184133.18464
THA,AGO,182333.52486000003
THA,BHR,217803.37534000003
THA,TUR,978873.36961
THA,YEM,174301.16252999994
THA,NGA,569523.06941
THA,AUT,232106.05785999988
THA,FRA,1648792.0674399997
THA,IDN,7827165.346530001
THA,KWT,399884.0116999999
THA,RUS,713441.2651499998
THA,SWE,474563.39946999983
THA,SGP,8756042.628630001
THA,NLD,4270977.64685
THA,QAT,354723.80032000004
THA,ESP,830052.3432699996
THA,ISR,706379.9494799998
THA,PAN,252662.10634
THA,ZAF,2010154.62885
THA,PER,464977.47181
THA,CHL,612244.76661
THA,AUS,9768022.861
THA,LBN,229407.4390800001
THA,MOZ,180172.54348
THA,LAO,4236710.484929999
THA,BGD,858611.3900399999
THA,LKA,434040.96969
THA,IRN,217444.52162
THA,CAN,1365026.2145300002
THA,JPN,20054877.985589992
THA,ITA,1329989.2968399995
THA,POL,388817.71912
THA,BEL,1547456.8477100004
THA,DEU,4287428.5138
THA,EGY,1012736.5310600002
THA,MYS,10189111.680150006
THA,ECU,204926.15008000005
THA,PHL,5991650.747000001
THA,KOR,4103918.131479999
THA,ARE,3068344.72348
THA,OMN,618394.4348899999
THA,VNM,8906274.88345
THA,CHN,23732457.481339995
THA,KHM,4958478.633920001
THA,CIV,244565.63403000004
CHL,MEX,1342002.4444800003
CHL,IND,1884133.92137
CHL,ARG,800611.7180779646
CHL,CRI,256974.89751
CHL,GBR,655832.22556
CHL,COL,784829.1786
CHL,CHE,515500.02704
CHL,USA,8181200.792210483
CHL,BOL,1285999.5642331387
CHL,BRA,3047340.1196199995
CHL,TUR,312805.32084
CHL,FRA,789307.00485
CHL,RUS,581562.31
CHL,BGR,304076.95388000004
CHL,NLD,1613724.93366
CHL,ESP,1304487.7770299998
CHL,PAN,178700.35958000005
CHL,PER,1615905.7454569985
CHL,THA,338611.99985
CHL,AUS,427948.68925000017
CHL,CAN,1234963.5924800003
CHL,JPN,5278451.725560002
CHL,ITA,1087275.41589
CHL,BEL,723551.7424500003
CHL,DEU,803027.1416600001
CHL,ECU,454615.7168792674
CHL,KOR,3995368.148240001
CHL,VNM,261038.57942
CHL,CHN,16219359.32796
CHL,PRY,552640.7574052771
SWZ,ZAF,949169.1103287016
MDA,RUS,240648.60800000004
MDA,ITA,197047.30200000005
SEN,CHE,224835.306
SEN,MLI,441410.1529999999
BHS,USA,367784.442
ZWE,ZAF,2074248.28155
ZWE,MOZ,409501.49394
AUS,MEX,397238.685
AUS,IND,7261233.669
AUS,GBR,2694458.058999999
AUS,PAK,437527.987
AUS,CHE,518411.5379999998
AUS,NZL,5823084.1850000005
AUS,SAU,1287146.5869999998
AUS,USA,9001604.311
AUS,BRA,855357.9809999998
AUS,TUR,353287.65300000005
AUS,YEM,289507.48400000005
AUS,NGA,185670.482
AUS,FRA,787087.496
AUS,IDN,3550652.389
AUS,KWT,465110.06500000006
AUS,PNG,1140260.1530000002
AUS,SWE,203912.29100000008
AUS,SGP,4827721.461999999
AUS,NLD,1660852.3990000004
AUS,QAT,297263.9320000001
AUS,ESP,387725.448
AUS,ISR,190954.202
AUS,ZAF,586184.473
AUS,THA,3159791.0859999973
AUS,CHL,237984.44600000005
AUS,BGD,519079.0109999999
AUS,LKA,237403.668
AUS,CAN,971078.41
AUS,JPN,20179945.943
AUS,ITA,539673.8590000002
AUS,POL,236890.039
AUS,BEL,817037.4910000002
AUS,DEU,1110920.128
AUS,EGY,390410.1500000001
AUS,MYS,2681223.981
AUS,PHL,1147745.4549999998
AUS,KOR,11700867.167000003
AUS,ARE,1571892.9640000002
AUS,OMN,174169.09100000004
AUS,VNM,2501662.7410000004
AUS,CHN,56382413.086999975
AUS,FJI,254077.82400000008
LBN,SAU,356545.54941860266
LBN,IRQ,224499.707633936
LBN,ZAF,194579.6352451711
LBN,ARE,312329.20115524146
NAM,BWA,1032672.2760000004
NAM,CHE,707597.703
NAM,AGO,206561.086
NAM,ESP,207357.45599999992
NAM,ZAF,901861.6979999996
NAM,ZMB,189107.58
ISL,GBR,542722.9850000001
ISL,NOR,207887.2040000001
ISL,USA,265637.65100000007
ISL,FRA,268931.3059999999
ISL,NLD,1225348.4440000004
ISL,ESP,545146.7469999999
ISL,DEU,348121.36100000003
MKD,BGR,271899.54816
MKD,ITA,186132.91655999995
MKD,DEU,1993440.663270001
LAO,THA,1008077.166
LAO,VNM,537773.1030000001
LAO,CHN,1039450.919
ETH,USA,197785.6763303264
ETH,CHN,307171.8245721375
BGD,IND,517812.848
BGD,GBR,3499822.0759999994
BGD,DNK,632287.6760000001
BGD,CZE,209012.399
BGD,SAU,190118.33
BGD,USA,6139265.091000001
BGD,IRL,206058.49
BGD,BRA,173467.969
BGD,TUR,674035.4440000001
BGD,FRA,1755397.5230000005
BGD,RUS,280612.1290000001
BGD,SWE,459745.55200000014
BGD,SGP,175033.97400000005
BGD,NLD,817494.298
BGD,ESP,1845434.397
BGD,AUS,674536.9909999999
BGD,CAN,1062620.403
BGD,JPN,957370.145
BGD,ITA,1353674.252999999
BGD,POL,610670.2960000001
BGD,BEL,904439.7580000004
BGD,DEU,4673183.5380000025
BGD,KOR,281349.306
BGD,ARE,353636.50600000017
BGD,CHN,715211.1709999999
LKA,IND,710403.9049999999
LKA,GBR,1028276.799
LKA,USA,2801469.273000001
LKA,TUR,180726.658
LKA,FRA,201096.72500000003
LKA,RUS,193959.51900000003
LKA,NLD,220341.753
LKA,CAN,180391.646
LKA,JPN,217316.905
LKA,ITA,434208.067
LKA,BEL,282313.532
LKA,DEU,477905.3600000001
LKA,ARE,285325.291
LKA,CHN,304541.7729999999
LSO,USA,174526.87330906498
LSO,BEL,183900.887520615
NIC,MEX,519047.97
NIC,USA,2506929.331000001
NIC,SLV,259269.4
NIC,HND,174298.745
NER,FRA,303276.9210000001
CYP,GRC,222517.0393200132
CYP,IRL,182858.53465341657
CYP,SGP,182255.69006237955
TUN,GBR,438584.5000000001
TUN,USA,353604.123
TUN,DZA,558161.9729999999
TUN,FRA,4126877.474
TUN,NLD,239249.765
TUN,ESP,699820.4629999999
TUN,MAR,180102.27800000002
TUN,ITA,2596571.671000001
TUN,BEL,252120.127
TUN,DEU,1476871.671
TUN,LBY,540044.4669999998
CAN,MEX,5061807.188749871
CAN,IND,3356937.9112231936
CAN,ARG,235975.1512313342
CAN,GBR,12364188.45870648
CAN,DNK,259271.3968048473
CAN,PAK,539724.765899538
CAN,COL,599699.9660839844
CAN,BWA,554012.4893525798
CAN,CHE,872137.7537700366
CAN,NZL,347074.18055929354
CAN,SAU,923557.129570184
CAN,MLT,758045.542649477
CAN,NOR,1446394.9606245998
CAN,USA,296307368.053282
CAN,IRL,469287.9749317148
CAN,FIN,497115.16883795895
CAN,BRA,1728846.919032615
CAN,TUR,875184.6989889244
CAN,DZA,459269.22605185513
CAN,NGA,362417.5985852925
CAN,AUT,226749.04259129817
CAN,FRA,2412609.924968919
CAN,IDN,1417563.2096448538
CAN,RUS,468156.0353681753
CAN,SWE,374839.3631564285
CAN,SGP,1136681.4451565137
CAN,NLD,2759625.676308804
CAN,ESP,865093.7371211572
CAN,ISR,262777.462952213
CAN,TTO,234494.7325545665
CAN,MAR,238256.89777177147
CAN,ZAF,476219.7911103237
CAN,PER,666687.2649174968
CAN,THA,685048.2672331585
CAN,CHL,612011.4346860164
CAN,AUS,1410010.619981153
CAN,BGD,706957.8606877003
CAN,LKA,245937.7681865363
CAN,JPN,7536653.566321023
CAN,ITA,1768862.6809664962
CAN,POL,345783.0359656995
CAN,BEL,2416280.01921338
CAN,DEU,2506897.9694559183
CAN,EGY,331979.75532557187
CAN,MYS,608792.3073820889
CAN,ECU,254715.92078187977
CAN,PHL,567619.7409553177
CAN,KOR,3113233.826352525
CAN,ARE,1556073.164791721
CAN,VNM,512710.7572154932
CAN,CHN,15727970.144790856
JPN,MEX,10233678.265999995
JPN,IND,7706277.500999998
JPN,ARG,785462.1750000003
JPN,KAZ,236404.538
JPN,CRI,302133.80000000005
JPN,GBR,9594502.319
JPN,DNK,397844.6589999999
JPN,UZB,248311.475
JPN,PAK,1659922.743
JPN,GRC,211983.816
JPN,KEN,892970.4269999998
JPN,COL,952022.162
JPN,CHE,2068057.8569999991
JPN,NZL,1903933.297
JPN,CZE,982284.0270000002
JPN,SAU,6770379.336999999
JPN,MLT,361732.295
JPN,MMR,1038272.1910000005
JPN,NOR,938785.037
JPN,JOR,573520.8119999998
JPN,USA,119370974.30000004
JPN,IRL,1037502.418
JPN,FIN,333510.25800000003
JPN,BOL,219326.94199999995
JPN,HUN,1282140.97
JPN,UKR,200784.098
JPN,BRA,3821112.064999999
JPN,IRQ,499751.426
JPN,BHR,869479.0700000002
JPN,TUR,2131821.297
JPN,DZA,243372.657
JPN,NGA,356261.9219999999
JPN,AUT,864378.8620000002
JPN,SVK,236071.297
JPN,FRA,4859720.809999999
JPN,IDN,11257041.014
JPN,KWT,1851783.107
JPN,RUS,5059750.039
JPN,GTM,241719.759
JPN,SWE,1238050.917
JPN,SGP,16842271.26
JPN,NLD,11095094.543000003
JPN,QAT,1533821.9270000004
JPN,PRT,376702.021
JPN,ESP,2327159.7179999994
JPN,ISR,1063285.739
JPN,PAN,4707358.924999999
JPN,TTO,220080.004
JPN,MAR,254844.00600000005
JPN,DOM,237386.391
JPN,ZAF,2643055.1580000003
JPN,PER,774879.7890000001
JPN,THA,26728171.62199999
JPN,CHL,1646280.2460000005
JPN,BHS,1005702.235
JPN,AUS,12597109.477999998
JPN,LBN,460537.602
JPN,BGD,1362158.1350000005
JPN,LKA,1156981.225
JPN,IRN,281777.297
JPN,CYP,261765.3200000001
JPN,CAN,7433633.096999999
JPN,ITA,3411978.3
JPN,POL,1571027.5390000003
JPN,BEL,4935445.902000002
JPN,DEU,14947856.564000005
JPN,EGY,1262749.0580000002
JPN,MYS,11275749.236
JPN,ECU,419514.68399999983
JPN,PHL,8890488.898999998
JPN,KOR,41701998.82400003
JPN,ARE,8454759.367999999
JPN,OMN,3204515.247
JPN,VNM,12004475.317
JPN,CHN,103525374.57500003
JPN,TZA,265556.94700000004
JPN,LBR,861768.198
JPN,LUX,444434.009
JPN,KHM,292975.487
JPN,MNG,248523.81999999995
ITA,MEX,3825417.215219974
ITA,IND,3623464.275793752
ITA,ARG,1165510.0802498504
ITA,KAZ,861959.0211491494
ITA,GBR,24393228.35122841
ITA,DNK,2811821.7969770497
ITA,LVA,500289.8152625503
ITA,PAK,483384.1759425249
ITA,GRC,4025667.814164949
ITA,KEN,224371.34859595
ITA,GHA,223503.49358962505
ITA,COL,703766.8823188499
ITA,CHE,21303843.714803625
ITA,NZL,471908.63308127486
ITA,CZE,5491041.973899321
ITA,LTU,828212.8066661748
ITA,SAU,5608464.963117974
ITA,MLT,1711699.270274975
ITA,NOR,1746329.2652246004
ITA,JOR,737216.3735629749
ITA,BIH,703131.4335064496
ITA,USA,39739008.31962459
ITA,IRL,1349175.7449702749
ITA,FIN,1576527.392658024
ITA,HUN,4533091.895351274
ITA,UKR,998533.80467865
ITA,BRA,4267595.6265500495
ITA,GEO,190116.33189475
ITA,IRQ,1008476.1758623
ITA,AGO,284508.69787575
ITA,BHR,218150.53923152504
ITA,HRV,2834745.0965567245
ITA,TUR,10963521.119509554
ITA,DZA,4546383.755418699
ITA,AZE,730138.798376125
ITA,NGA,795891.9258704251
ITA,EST,413992.83729815023
ITA,AUT,9367419.067063771
ITA,SVK,2735889.71647985
ITA,FRA,46546400.42690885
ITA,COG,211800.21564809995
ITA,IDN,1211772.1901544745
ITA,KWT,856169.17245455
ITA,SVN,4023310.18981965
ITA,RUS,7839511.226865773
ITA,BGR,2170193.9902150505
ITA,SWE,4553256.813642626
ITA,SGP,2127053.4512155503
ITA,NLD,10466398.20512877
ITA,QAT,1090640.5816707003
ITA,URY,218113.46739362492
ITA,PRT,3676396.024349624
ITA,ESP,21585554.21718599
ITA,ISR,2718494.579033724
ITA,PAN,389015.56125535
ITA,MAR,1612216.4268396
ITA,DOM,278417.2708218
ITA,ZAF,2102890.1937652766
ITA,PER,720498.6373825753
ITA,THA,1370165.2522717502
ITA,CHL,1061255.4082344498
ITA,MDA,220002.8652480752
ITA,SEN,221311.04310407487
ITA,AUS,3942659.719213699
ITA,LBN,1309555.5518656247
ITA,MKD,276812.7610186251
ITA,ETH,339910.57212162507
ITA,BGD,520833.9384175
ITA,LKA,204420.622037325
ITA,IRN,1319579.0811548748
ITA,CYP,544085.6093057501
ITA,TUN,3352376.6473738
ITA,CAN,4069400.309851749
ITA,JPN,6077020.747527752
ITA,POL,11902506.736021752
ITA,BEL,14758204.72473375
ITA,DEU,55654533.244640216
ITA,EGY,3250982.6744316006
ITA,MYS,1057505.3619331503
ITA,ECU,290138.81532285
ITA,PHL,587360.0188309997
ITA,KOR,4954686.1431924505
ITA,ARE,6785414.303625377
ITA,OMN,715914.3605556
ITA,VNM,1207789.9959339255
ITA,ALB,1428850.2177489009
ITA,CHN,11515234.813700728
ITA,BLR,417220.14009115
ITA,LUX,557527.5413695249
ITA,LBY,1648645.9788533996
ITA,CIV,347949.2184114501
POL,MEX,653528.9890000004
POL,IND,464611.9320000001
POL,KAZ,401415.752
POL,GBR,13240914.572000002
POL,DNK,3107741.265
POL,LVA,1559153.2099999995
POL,GRC,827924.5829999995
POL,CHE,1783676.443
POL,CZE,12687287.743
POL,LTU,2605970.1420000014
POL,SAU,631901.203
POL,NOR,2730882.677
POL,BIH,206373.741
POL,USA,4461833.383000001
POL,IRL,677395.0140000001
POL,FIN,1463238.454
POL,HUN,5163189.599000004
POL,UKR,3302779.346999998
POL,BRA,397558.378
POL,IRQ,188474.09200000003
POL,HRV,594100.0679999999
POL,TUR,3100320.222000001
POL,DZA,332018.016
POL,EST,1111459.909
POL,AUT,3420275.15
POL,SVK,4893238.0600000005
POL,FRA,10826919.43
POL,SVN,677615.1699999999
POL,RUS,5706312.260000001
POL,BGR,954116.4959999996
POL,SWE,5314225.227
POL,SGP,869901.879
POL,NLD,8532372.362999998
POL,PRT,753028.748
POL,ESP,5214312.201999998
POL,ISR,510268.6180000001
POL,MAR,317417.23899999994
POL,ZAF,576534.257
POL,BHS,830255.682
POL,AUS,566822.4689999999
POL,CYP,374583.9790000002
POL,CAN,1238029.6520000005
POL,JPN,571256.9990000002
POL,ITA,9329396.101000002
POL,BEL,4186383.501
POL,DEU,52261369.629
POL,EGY,390285.137
POL,MYS,179837.252
POL,KOR,424255.031
POL,ARE,777745.5070000003
POL,VNM,224124.752
POL,CHN,2016969.3830000004
POL,LBR,264873.411
POL,BLR,1332788.7150000003
POL,LUX,233200.791
BEL,MEX,1183250.8909999998
BEL,IND,8502106.469
BEL,ARG,588011.6190000002
BEL,KAZ,222091.66200000004
BEL,GBR,34565317.60500001
BEL,DNK,2906850.000000001
BEL,LVA,407512.4279999999
BEL,PAK,341838.584
BEL,GRC,1628442.345
BEL,GHA,271443.408
BEL,COL,447611.5079999999
BEL,CHE,5138875.060999999
BEL,NZL,221771.074
BEL,BEN,280503.581
BEL,CZE,3267013.731
BEL,LTU,826503.8730000006
BEL,SAU,2076147.8650000007
BEL,NOR,1828391.782
BEL,CMR,269353.29799999995
BEL,JOR,361108.4699999999
BEL,USA,23421310.974
BEL,IRL,1951549.336
BEL,FIN,2087465.399
BEL,HUN,2306036.85
BEL,UKR,469953.09899999993
BEL,BRA,2718442.142
BEL,IRQ,298961.478
BEL,AGO,241171.145
BEL,HRV,349250.3390000001
BEL,TUR,4780112.966000001
BEL,DZA,1199636.347
BEL,NGA,1961451.913
BEL,EST,307661.606
BEL,AUT,3983229.568
BEL,SVK,1196738.1999999995
BEL,FRA,60517249.92000002
BEL,COG,175514.599
BEL,IDN,486185.7409999998
BEL,KWT,232279.118
BEL,SVN,565195.1569999999
BEL,RUS,3242741.7630000017
BEL,BGR,751738.3329999999
BEL,SWE,6236852.973999999
BEL,SGP,1354039.401
BEL,NLD,44395129.956000015
BEL,QAT,352260.763
BEL,PRT,2096058.928
BEL,ESP,10139935.050999995
BEL,ISR,2216418.566
BEL,TGO,1925929.167
BEL,MAR,816533.8039999998
BEL,ZAF,1516423.063000001
BEL,PER,221435.505
BEL,THA,1032927.475
BEL,CHL,505596.096
BEL,SEN,333074.005
BEL,AUS,1882298.9650000003
BEL,LBN,440733.8869999999
BEL,ETH,191174.192
BEL,IRN,319092.16000000003
BEL,CYP,209659.3589999999
BEL,TUN,352260.7049999997
BEL,CAN,2066486.568000001
BEL,JPN,3597158.298999999
BEL,ITA,19530561.354
BEL,POL,7390880.746999998
BEL,DEU,64634981.71400004
BEL,EGY,1282556.0299999998
BEL,MYS,603499.2399999996
BEL,PHL,373431.969
BEL,KOR,1477051.022
BEL,ARE,3785382.832000001
BEL,OMN,171784.86
BEL,VNM,479530.401
BEL,CHN,6758978.12
BEL,BLR,172491.28100000002
BEL,LUX,5899690.121000001
BEL,CIV,299735.69099999993
DEU,MEX,11789403.50009128
DEU,IND,10321185.72021556
DEU,ARG,2858712.965375874
DEU,KAZ,1346807.2521815505
DEU,CRI,234922.2016585046
DEU,GBR,94173542.2606586
DEU,DNK,17274374.941969894
DEU,UZB,429011.12978913233
DEU,LVA,1683413.3942558917
DEU,PAK,1070615.29948666
DEU,GRC,4744824.364834611
DEU,KEN,399026.7787439205
DEU,GHA,288426.6080341775
DEU,COL,1866360.6740867395
DEU,CHE,53806546.84560337
DEU,NZL,1170498.8242452338
DEU,CZE,38090516.47103142
DEU,LTU,2869317.074466085
DEU,SAU,10708975.901946109
DEU,MLT,674633.1777735866
DEU,NOR,8785031.929484822
DEU,JOR,887733.47364847
DEU,BIH,893414.3221460559
DEU,USA,123798765.19784471
DEU,IRL,6179301.94732452
DEU,FIN,9406120.76905638
DEU,HUN,23042421.036972087
DEU,UKR,3324177.21243522
DEU,BRA,10653288.046683729
DEU,GEO,392611.069745623
DEU,IRQ,1030317.4580064904
DEU,SLV,194243.00602418865
DEU,AGO,316784.4120017213
DEU,HRV,2714258.4911382883
DEU,TUR,23992217.092801053
DEU,DZA,2526326.723245248
DEU,AZE,749800.9648187547
DEU,NGA,1108812.1874671
DEU,EST,1634855.6224430746
DEU,AUT,59939318.10417398
DEU,SVK,12823188.776483178
DEU,FRA,108229906.55371216
DEU,IDN,2804736.0523509183
DEU,KWT,1412759.029668617
DEU,SVN,4690199.192334456
DEU,RUS,23073336.06152488
DEU,BGR,3565416.2628205945
DEU,GTM,249100.3877617592
DEU,SWE,24289985.720890865
DEU,SGP,6800511.981974234
DEU,NLD,76387496.83700518
DEU,QAT,1946436.36384164
DEU,URY,493165.7433024021
DEU,PRT,7940466.026641673
DEU,ESP,41033227.51370428
DEU,ISR,4008357.758733253
DEU,PAN,452403.3546996298
DEU,MAR,2090168.554007744
DEU,DOM,221419.328770718
DEU,ZAF,10603396.517934248
DEU,PER,860658.4044656359
DEU,THA,4323416.8132923385
DEU,CHL,2484487.259964724
DEU,MDA,319686.3820124315
DEU,BHS,498223.8921981989
DEU,AUS,9215356.621836731
DEU,LBN,894712.1719355254
DEU,ISL,438576.0864609456
DEU,MKD,925681.0134023158
DEU,ETH,254444.6737122314
DEU,BGD,626550.7617147022
DEU,LKA,271528.57946528133
DEU,IRN,2191023.381681724
DEU,TKM,330256.0356790652
DEU,CYP,584648.1900453849
DEU,TUN,1495287.391509323
DEU,CAN,10797728.284270346
DEU,JPN,18457107.58977999
DEU,ITA,60562322.78196651
DEU,POL,53716031.739202425
DEU,BEL,42783022.43778229
DEU,EGY,3569561.859800852
DEU,MYS,5196825.482296988
DEU,ECU,438432.1351436901
DEU,PHL,2267841.7540852977
DEU,KOR,18993855.68761034
DEU,ARE,15761098.839384416
DEU,OMN,1016909.0136960252
DEU,VNM,2464918.86398172
DEU,ALB,217535.5344527049
DEU,CHN,77645681.8862134
DEU,LBR,335755.16031943465
DEU,BLR,1321362.1481147353
DEU,LUX,5292205.655025005
DEU,LBY,363078.6805215224
EGY,IND,891370.4718935359
EGY,GBR,944050.9793416916
EGY,KEN,232720.3853745944
EGY,CHE,218973.85811903377
EGY,SAU,2001424.7742909065
EGY,MLT,348849.07219746854
EGY,JOR,558825.4719797692
EGY,USA,1221731.8132523212
EGY,IRQ,468140.6618927085
EGY,TUR,1256462.3976010156
EGY,DZA,462156.99069417024
EGY,FRA,479254.3776050512
EGY,KWT,477871.786041119
EGY,RUS,341449.49860901845
EGY,NLD,386416.88807886
EGY,QAT,292863.4942400126
EGY,ESP,458658.02729039965
EGY,MAR,349611.9876014941
EGY,LBN,426921.1074323506
EGY,CAN,490000.0804148431
EGY,ITA,1583809.5895733372
EGY,BEL,317521.2744359834
EGY,DEU,546096.3647825507
EGY,ARE,1093260.3067226496
EGY,CHN,440218.0304258951
EGY,LBY,551560.0064149024
MYS,MEX,1604860.407
MYS,IND,8118326.758999998
MYS,ARG,208095.87599999987
MYS,GBR,2371603.791
MYS,DNK,174620.551
MYS,PAK,1051392.724
MYS,GRC,290834.582
MYS,KEN,367044.155
MYS,GHA,174693.13100000002
MYS,CHE,395692.5289999999
MYS,NZL,1028014.2359999998
MYS,BEN,339130.81100000005
MYS,BRN,679860.2299999999
MYS,CZE,318688.356
MYS,SAU,862480.0549999999
MYS,MMR,784581.104
MYS,NOR,190688.498
MYS,USA,18889222.85
MYS,HUN,219399.27700000003
MYS,BRA,798696.5960000001
MYS,AGO,471462.432
MYS,TUR,968844.6380000002
MYS,NGA,708059.5359999998
MYS,FRA,1485411.728
MYS,IDN,7402737.340999998
MYS,KWT,210956.164
MYS,RUS,601365.108
MYS,PNG,350578.181
MYS,SWE,376350.82000000007
MYS,SGP,27782765.278999995
MYS,NLD,5976605.844999998
MYS,QAT,192079.11000000004
MYS,ESP,594578.051
MYS,TGO,239933.01
MYS,ZAF,763927.3819999999
MYS,THA,11374113.23
MYS,CHL,219609.892
MYS,AUS,7194475.727000003
MYS,BGD,993110.8299999998
MYS,LKA,471640.5770000001
MYS,IRN,500172.786
MYS,CAN,779282.0759999999
MYS,JPN,18920832.23
MYS,ITA,931941.2999999998
MYS,POL,385792.5130000001
MYS,BEL,960497.0639999998
MYS,DEU,5032897.852
MYS,EGY,569952.753
MYS,PHL,3368164.018
MYS,KOR,6447298.647999998
MYS,ARE,2976432.0309999995
MYS,OMN,228953.4700000001
MYS,VNM,4450620.645000001
MYS,CHN,26014292.118
MYS,TZA,205056.494
MYS,KHM,234092.352
ECU,ARG,215634.141
ECU,COL,783902.681
ECU,USA,7225618.685000001
ECU,TUR,213070.247
ECU,FRA,271728.256
ECU,RUS,715544.2729999998
ECU,NLD,460291.4479999999
ECU,ESP,483395.911
ECU,PAN,441537.7769999999
ECU,PER,934061.0899999996
ECU,CHL,1137982.487
ECU,JPN,330891.94700000004
ECU,ITA,325939.557
ECU,BEL,215214.55200000005
ECU,DEU,548855.568
ECU,KOR,173016.648
ECU,VNM,784654.1279999999
ECU,CHN,722960.963
PHL,MEX,449403.116
PHL,IND,372885.82
PHL,GBR,477742.364
PHL,CHE,276208.82500000007
PHL,MLT,252352.072
PHL,USA,8811077.752000002
PHL,HUN,184279.359
PHL,FRA,416167.9740000001
PHL,IDN,628273.797
PHL,SGP,3649472.2200000016
PHL,NLD,1771990.8249999995
PHL,ESP,187343.789
PHL,THA,2263438.015
PHL,AUS,451179.7579999999
PHL,CAN,563498.0119999999
PHL,JPN,12381197.312
PHL,ITA,187138.76
PHL,BEL,286996.8620000001
PHL,DEU,2646455.4629999995
PHL,MYS,1198631.8449999995
PHL,KOR,2511551.9839999992
PHL,ARE,301271.745
PHL,VNM,727041.25
PHL,CHN,6393072.934
PHL,LBR,564686.9949999999
ZMB,CHE,2783325.449
ZMB,SGP,550274.563
ZMB,ZAF,497720.3609999997
ZMB,ZWE,268085.076
ZMB,AUS,210383.66300000003
ZMB,CHN,993179.595
KOR,MEX,10891116.958000002
KOR,IND,12028127.186000004
KOR,ARG,1046786.858
KOR,KAZ,454382.246
KOR,CRI,245299.227
KOR,GBR,7854944.785
KOR,DNK,1416928.6989999998
KOR,UZB,1283959.435
KOR,PAK,789995.909
KOR,GRC,1312829.6549999998
KOR,KEN,256480.01200000005
KOR,GHA,252786.01100000003
KOR,COL,1128882.0969999998
KOR,CHE,1492025.9770000002
KOR,NZL,1262194.664
KOR,BRN,272100.583
KOR,CZE,2040242.194
KOR,LTU,263607.13500000007
KOR,SAU,9481559.418999998
KOR,MLT,2194189.5340000005
KOR,MMR,659637.0010000002
KOR,NOR,4778924.205999999
KOR,JOR,849084.829
KOR,USA,70107189.983
KOR,IRL,366305.151
KOR,FIN,309197.932
KOR,HUN,1016422.1720000004
KOR,UKR,194322.7820000001
KOR,BRA,5494225.793000002
KOR,IRQ,1427688.0450000004
KOR,AGO,1858836.072
KOR,BHR,186788.903
KOR,HRV,299893.16
KOR,TUR,6249138.598
KOR,DZA,850140.2779999999
KOR,YEM,202916.45600000003
KOR,NGA,685785.1350000002
KOR,AUT,882293.48
KOR,SVK,3543273.393
KOR,FRA,2619230.281
KOR,COG,501962.938
KOR,IDN,7871474.035999997
KOR,KWT,924649.6109999996
KOR,SVN,1625857.791
KOR,RUS,4685348.595000002
KOR,PNG,199107.785
KOR,GTM,398376.692
KOR,SWE,698918.6119999997
KOR,SGP,15009588.37
KOR,NLD,4023668.895
KOR,QAT,673972.3520000002
KOR,URY,192777.86700000003
KOR,PRT,525888.7519999999
KOR,ESP,2170933.4990000003
KOR,ISR,1176566.0070000004
KOR,PAN,2230201.565
KOR,TGO,185091.53
KOR,MAR,349462.585
KOR,DOM,265017.28
KOR,ZAF,1262259.0810000002
KOR,PER,1217344.833
KOR,THA,6360895.834000001
KOR,CHL,1742255.245
KOR,BHS,778638.31
KOR,AUS,10828381.791
KOR,LBN,252958.7759999999
KOR,BGD,1208731.8520000004
KOR,LKA,275959.306
KOR,IRN,3730858.299
KOR,TKM,182160.052
KOR,TUN,183648.761
KOR,CAN,4620830.598999999
KOR,JPN,25566533.634
KOR,ITA,3531083.386999998
KOR,POL,2807288.6060000006
KOR,BEL,2023083.0290000008
KOR,DEU,6218513.044000001
KOR,EGY,2178866.367
KOR,MYS,7734586.821999998
KOR,ECU,641240.4540000001
KOR,PHL,8316534.797000001
KOR,ARE,6075873.934000002
KOR,OMN,939387.674
KOR,VNM,27767387.27200002
KOR,CHN,137116937.05699998
KOR,TZA,193652.994
KOR,LBR,1299338.7239999997
KOR,PRY,224683.731
KOR,KHM,652433.5939999997
KOR,MNG,245653.963
KOR,FJI,321814.44700000004
KOR,LBY,543852.423
ARE,IND,10518243.710571982
ARE,GBR,1907408.468317636
ARE,UZB,272824.916480411
ARE,PAK,1060289.7074293285
ARE,KEN,708426.5893441099
ARE,GHA,271580.3879338084
ARE,CHE,4131521.059221402
ARE,SAU,6591231.800744143
ARE,AFG,2174746.5580758867
ARE,JOR,788456.5914395689
ARE,USA,2500112.7342505143
ARE,IRQ,6771999.891340947
ARE,AGO,273287.9444246904
ARE,BHR,2216354.785261783
ARE,TUR,2720216.8612417174
ARE,DZA,440088.7753534245
ARE,AZE,413397.0426583239
ARE,YEM,314916.03327681497
ARE,NGA,313712.4156729436
ARE,FRA,490822.2269447607
ARE,IDN,190425.18018762377
ARE,KWT,3135662.577922023
ARE,RUS,546980.9124208107
ARE,SGP,2462953.8266297737
ARE,NPL,181968.51314644705
ARE,NLD,1329740.5519101515
ARE,QAT,3164729.0386727983
ARE,ESP,340219.76139268413
ARE,MAR,251959.97188097227
ARE,ZAF,237637.44181721724
ARE,THA,865628.8229076964
ARE,SEN,247497.42803911475
ARE,AUS,263940.6375202597
ARE,LBN,869456.2405343762
ARE,ETH,401769.9432463845
ARE,BGD,700466.6094397984
ARE,LKA,310347.8949681152
ARE,IRN,10814249.480094597
ARE,TKM,252461.2243398853
ARE,JPN,712384.5547756539
ARE,ITA,635249.848786281
ARE,BEL,4103242.915923295
ARE,DEU,812462.5807939117
ARE,EGY,1070619.7803436646
ARE,MYS,748450.8134606886
ARE,KOR,441442.5196592337
ARE,OMN,5494156.016888031
ARE,VNM,215072.01761255812
ARE,CHN,2512812.3959490126
ARE,TZA,516529.4555337876
ARE,LBY,1341373.8823318875
OMN,IND,847457.3905688802
OMN,PAK,435803.34959434
OMN,SAU,1789635.4332110805
OMN,USA,531628.5061196202
OMN,IRQ,468032.58206432
OMN,KWT,202752.43688882008
OMN,SGP,202979.7086499
OMN,NLD,229517.69325758
OMN,QAT,287169.45139792
OMN,ZAF,337002.77591162
OMN,IRN,272067.96771153994
OMN,MYS,283207.14226168
OMN,KOR,248472.44317714009
OMN,ARE,4163381.349612938
OMN,CHN,1329469.3237807802
VNM,MEX,1545508.2220000003
VNM,IND,2469713.464000001
VNM,ARG,377619.1899999999
VNM,GBR,4645192.924
VNM,DNK,289333.88
VNM,PAK,419747.3100000001
VNM,GHA,238223.721
VNM,COL,346001.63599999994
VNM,CHE,230707.00100000005
VNM,NZL,324979.959
VNM,SAU,534042.108
VNM,MMR,375714.5510000001
VNM,USA,33474218.819
VNM,BRA,1435797.549
VNM,TUR,1359627.1759999995
VNM,DZA,233773.266
VNM,AUT,2188695.609
VNM,SVK,275547.693
VNM,FRA,2977706.025
VNM,IDN,2847596.8200000017
VNM,SVN,196477.585
VNM,RUS,1438329.8899999997
VNM,SWE,936139.652
VNM,SGP,3256570.3940000013
VNM,NLD,4759541.395000001
VNM,PRT,287902.6349999999
VNM,ESP,2299018.2900000005
VNM,ISR,533649.4550000001
VNM,PAN,268844.461
VNM,ZAF,1038840.448
VNM,PER,238231.831
VNM,THA,3177658.497
VNM,CHL,649497.8909999998
VNM,AUS,2905580.129
VNM,LAO,519128.29899999977
VNM,BGD,569995.2500000001
VNM,LKA,192437.70599999983
VNM,CAN,2407510.5379999983
VNM,JPN,14100216.680999996
VNM,ITA,2847797.872999999
VNM,POL,585155.6329999998
VNM,BEL,1779483.207
VNM,DEU,5707206.066999998
VNM,EGY,361598.984
VNM,MYS,3577061.979
VNM,PHL,2016391.9750000003
VNM,KOR,8915366.896000002
VNM,ARE,5690887.3050000025
VNM,CHN,16567555.884000003
VNM,KHM,2394978.229999999
ALB,ITA,893012.4290000001
CHN,HTI,434223.6019999999
CHN,MEX,33791505.795
CHN,IND,58225940.92100003
CHN,ARG,8805106.456999993
CHN,KAZ,8438658.904000001
CHN,CRI,1330663.1060000006
CHN,GBR,59566866.94199998
CHN,MUS,841102.7679999997
CHN,DNK,6151086.6
CHN,UZB,2228760.9309999994
CHN,LVA,1022139.4960000004
CHN,PAK,16441264.112000003
CHN,GRC,3664972.165000001
CHN,KEN,5914177.825000001
CHN,GHA,5308877.832000001
CHN,COL,7580617.085
CHN,BWA,224841.273
CHN,CHE,3195333.6729999995
CHN,NZL,4919053.315000001
CHN,BEN,2989072.543
CHN,BRN,1407408.747
CHN,CZE,8226041.398000001
CHN,LTU,1210898.1280000005
CHN,SAU,21612479.35700001
CHN,MLT,2379970.954999999
CHN,TJK,1795387.8720000002
CHN,MMR,9380052.840000004
CHN,NOR,2856784.960999999
CHN,AFG,361688.183
CHN,CMR,1833294.5030000005
CHN,JOR,3424346.816000001
CHN,USA,409973604.3180001
CHN,IRL,2823161.216
CHN,FIN,3541269.661000001
CHN,MRT,801372.9959999999
CHN,MDG,865235.356
CHN,BOL,568845.9519999999
CHN,HUN,5197448.051
CHN,UKR,3515697.4250000003
CHN,BRA,27411126.43400001
CHN,MLI,270427.606
CHN,GEO,768675.2460000002
CHN,UGA,553400.101
CHN,IRQ,7906948.566999999
CHN,SLV,726685.1450000003
CHN,AGO,3717145.883000001
CHN,KGZ,4281638.471999999
CHN,BHR,1011846.267
CHN,HRV,985558.5930000003
CHN,JAM,625374.431
CHN,TUR,18607748.245
CHN,DZA,7583347.041999999
CHN,AZE,439145.35699999984
CHN,SLE,276560.552
CHN,YEM,1429967.8399999994
CHN,GMB,330097.24600000004
CHN,NGA,13633490.178999998
CHN,EST,953287.539
CHN,AUT,2497728.9169999994
CHN,SVK,2794449.6580000003
CHN,FRA,27051200.905
CHN,COG,1035422.0599999996
CHN,IDN,34341687.00900001
CHN,KWT,3772397.421000001
CHN,SVN,2091734.651
CHN,RUS,34756820.260000005
CHN,PNG,986996.837
CHN,BGR,1043203.0820000002
CHN,GTM,2052662.9799999995
CHN,MDV,172648.094
CHN,SWE,7098551.3440000005
CHN,SGP,51942413.428
CHN,NPL,828225.351
CHN,NLD,59453239.78800004
CHN,GIN,1277088.833
CHN,QAT,2275541.67
CHN,URY,1960406.625
CHN,MWI,245961.97000000003
CHN,PRT,2894923.138000001
CHN,ESP,21855752.862
CHN,ISR,8615944.510000004
CHN,PAN,8518883.418
CHN,TTO,478310.04
CHN,TGO,2180165.7970000003
CHN,MAR,2897184.3800000004
CHN,DOM,1557428.4459999995
CHN,ZAF,15857774.734000005
CHN,PER,6354769.708999996
CHN,THA,38290671.817
CHN,CHL,13289730.383999998
CHN,SEN,2190531.5529999994
CHN,BHS,1585371.8699999996
CHN,ZWE,543323.0400000003
CHN,AUS,40306505.46199999
CHN,LBN,2285530.495
CHN,GNQ,261389.919
CHN,MOZ,1938022.6750000005
CHN,NAM,489914.9240000002
CHN,GAB,665415.087
CHN,LAO,1173224.4220000005
CHN,ETH,3440867.341
CHN,BGD,13894602.379999992
CHN,LKA,4304045.369999999
CHN,NIC,666244.6859999998
CHN,IRN,17768918.665999997
CHN,NER,173102.04199999996
CHN,TKM,812141.808
CHN,CYP,589612.3190000001
CHN,TUN,1235471.9400000004
CHN,CAN,29422290.580000013
CHN,JPN,135616197.69099993
CHN,ITA,27834152.017
CHN,POL,14344310.157000003
CHN,BEL,16208259.893999996
CHN,DEU,69154728.04100002
CHN,EGY,11957865.424000006
CHN,MYS,43980386.74600001
CHN,ECU,2891415.6620000014
CHN,PHL,26669970.300000004
CHN,ZMB,552068.9569999999
CHN,KOR,101285910.63899992
CHN,ARE,37019648.778
CHN,OMN,2116393.033999999
CHN,VNM,65944434.928
CHN,ALB,430140.67200000014
CHN,SUR,199205.424
CHN,HND,853791.995
CHN,TZA,4278864.540000001
CHN,LBR,1356880.3640000003
CHN,BLR,748901.088
CHN,PRY,1266010.8400000003
CHN,LUX,2323177.7129999995
CHN,KHM,3763390.571
CHN,MNG,1569791.84
CHN,FJI,326745.602
CHN,LBY,1892016.5540000005
CHN,CIV,1554436.951999999
SUR,ARE,415915.40655128553
ARM,RUS,225551.713
HND,USA,1855195.526
HND,SLV,274202.405
HND,GTM,227772.3820000001
HND,NIC,198286.205
HND,DEU,335757.59699999983
BFA,IND,224197.036
BFA,CHE,1101566.448
BFA,SGP,218478.74700000003
TZA,IND,1149436.953
TZA,KEN,793890.2359999998
TZA,ZAF,675380.1829999998
TZA,COM,187927.82300000003
TZA,JPN,230443.797
TZA,DEU,225708.791
TZA,OMN,249907.071
TZA,CHN,562322.4299999999
BLR,IND,316464.19999999995
BLR,KAZ,513157.20000000007
BLR,GBR,2928879.2
BLR,LVA,598114.9999999998
BLR,LTU,963768.5
BLR,UKR,2512179.8000000003
BLR,BRA,521225.5
BLR,RUS,10062982.500000006
BLR,NLD,1149476.4
BLR,POL,750897.2999999998
BLR,DEU,1073737.2999999998
BLR,CHN,780675.7000000001
PRY,IND,205848.285
PRY,ARG,570861.862
PRY,BRA,2622626.429
PRY,RUS,761422.941
PRY,PER,172966.47099999996
PRY,CHL,591117.9550000001
PRY,ITA,308218.066
PRY,DEU,288958.357
LUX,GBR,474269.73300000007
LUX,CHE,170908.24599999993
LUX,USA,442976.5459999999
LUX,AUT,205294.774
LUX,FRA,1738849.157
LUX,SWE,183983.324
LUX,NLD,668871.4629999996
LUX,ESP,287988.9510000001
LUX,ITA,481916.7830000001
LUX,POL,271689.674
LUX,BEL,1581617.1090000006
LUX,DEU,3390663.887000001
LUX,CHN,252781.42899999983
KHM,GBR,869002.8700000001
KHM,USA,2136557.325
KHM,FRA,298115.9700000001
KHM,NLD,248710.286
KHM,ESP,273589.20599999995
KHM,THA,346174.602
KHM,CAN,551015.766
KHM,JPN,571477.2739999999
KHM,ITA,197392.93899999995
KHM,BEL,282457.877
KHM,DEU,748340.6540000002
KHM,VNM,185389.895
KHM,CHN,404560.143
MNG,GBR,337679.58800000005
MNG,CHN,3897412.677
CIV,IND,495689.708
CIV,GBR,290119.3479999999
CIV,GHA,461314.43099999975
CIV,CHE,459944.171
CIV,USA,962116.2929999998
CIV,MLI,487573.2890000001
CIV,TUR,230565.447
CIV,NGA,473418.8670000001
CIV,FRA,762200.8
CIV,NLD,1427728.7070000002
CIV,ESP,304125.83600000007
CIV,TGO,241575.3800000001
CIV,ZAF,320009.33600000007
CIV,ITA,286341.111
CIV,BEL,775033.1630000001
CIV,DEU,721418.196
CIV,MYS,282644.615
CIV,VNM,352230.65699999995
CIV,BFA,535312.778
